标题,链接,服务,dsr,店铺名,价格,付款人数,发货地,好评率,动态评分,店铺类型,店铺等级
南极人新西兰羊毛被子冬被加厚保暖棉被芯单人空调双人春秋褥,https://detail.tmall.com/item.htm?id=575854737952&ns=1&abbucket=10,"天猫,",黄黄红,南极人家纺旗舰店,148.00,2005人收货,上海,,"0.00%,0.00%,11.97%,",天猫店,
好伴侣全棉加厚澳洲羊毛单人双人保暖加厚印花被子芯秋冬季新款,https://detail.tmall.com/item.htm?id=562491034803&ns=1&abbucket=10,"天猫,",黄黄红,好伴侣家纺旗舰店,159.00,1670人收货,,,"0.00%,0.00%,10.63%,",天猫店,
羊毛被加厚保暖棉絮被褥被子冬被全棉被芯春秋冬被学生宿舍单双人,https://item.taobao.com/item.htm?id=576268547160&ns=1&abbucket=10#detail,"金牌卖家,",红红红,梦里的秘密2014,96.00,1631人收货,江苏 南通,好评率：94.07%,"83.54%,83.75%,87.85%,",淘宝c店,2冠
水星家纺抗菌羊毛被子春秋被加厚保暖冬被冬季被芯2018新品,https://detail.tmall.com/item.htm?id=573651100030&ns=1&abbucket=10,"天猫,",黄黄红,水星家纺品牌专卖店,299.00,882人收货,上海,,"0.00%,0.00%,8.03%,",天猫店,
富安娜蚕丝被春秋子母被二合一羊毛被芯单人双人全棉冬加厚保暖,https://detail.tmall.com/item.htm?id=40505128265&ns=1&abbucket=10,"天猫,",黄黄红,富安娜官方旗舰店,799.00,837人收货,,,"0.00%,0.00%,7.22%,",天猫店,
恒源祥羊毛被子母被芯12斤加厚保暖冬被9斤棉被双人学生春秋褥,https://detail.tmall.com/item.htm?id=45656049163&ns=1&abbucket=10,"天猫,公益宝贝,",黄红红,恒源祥和气致祥专卖店,209.00,798人收货,,,"0.00%,7.53%,11.01%,",天猫店,
水星家纺羊毛抗菌被雅芙欧洲羊毛春秋被加厚保暖被子秋冬芯预售,https://detail.tmall.com/item.htm?id=575859537394&ns=1&abbucket=10,"天猫,",黄黄红,水星旗舰店,269.00,768人收货,上海,,"0.00%,0.00%,8.26%,",天猫店,
澳洲纯羊毛被绵羊羊绒冬被加厚保暖学生被子被芯被褥春秋双人空调,https://detail.tmall.com/item.htm?id=575465011893&ns=1&abbucket=10,"天猫,",红红红,皮尔卡丹有侑专卖店,219.00,763人收货,上海,,"66.80%,73.55%,76.75%,",天猫店,
恒源祥家纺 羊毛被澳毛被芯春秋被双人被子被芯棉被保暖加厚冬,https://detail.tmall.com/item.htm?id=40389403770&ns=1&abbucket=10,"天猫,",黄红红,恒源祥家纺官方旗舰店,311.00,733人收货,上海,,"0.00%,12.49%,13.70%,",天猫店,
水星家纺 羊毛被秋冬被芯双人被子被芯全棉被芯 保暖加厚冬,https://detail.tmall.com/item.htm?id=13041106598&ns=1&abbucket=10,"天猫,",黄黄红,水星旗舰店,239.00,723人收货,上海,,"0.00%,0.00%,8.26%,",天猫店,
加厚保暖植物羊绒羽丝绒冬被芯单双人绒秋冬被棉被子1.5 2m,https://item.taobao.com/item.htm?id=575101015402&ns=1&abbucket=10#detail,"金牌卖家,",蓝蓝黄,站在跑道上,389.00,608人收货,江苏 南通,好评率：97.83%,"0.94%,0.71%,0.00%,",淘宝c店,5钻
澳洲纯羊毛被绵羊羊绒冬被加厚保暖全棉被子被芯被褥春秋双人空调,https://detail.tmall.com/item.htm?id=575851452452&ns=1&abbucket=10,"天猫,",红红红,皇朝家私旗舰店,229.00,532人收货,上海,,"37.18%,53.60%,54.43%,",天猫店,
羊羔绒被子羊毛被芯冬被双人加厚保暖8/10斤棉被冬季单人学生宿舍,https://item.taobao.com/item.htm?id=561543981716&ns=1&abbucket=10#detail,"金牌卖家,",红红红,hjf1700,78.00,516人收货,江苏 南通,好评率：99.69%,"68.50%,68.43%,61.11%,",淘宝c店,4钻
水星家纺 100%羊毛春秋被 加厚纯羊毛被子保暖被芯珍藏欧洲,https://detail.tmall.com/item.htm?id=575693448941&ns=1&abbucket=10,"天猫,",黄黄红,水星旗舰店,369.00,419人收货,上海,,"0.00%,0.00%,8.26%,",天猫店,
正品澳洲羊毛被100%纯羊毛加厚冬被芯单双人春秋被学生子礼品,https://item.taobao.com/item.htm?id=577037686234&ns=1&abbucket=10#detail,"15天退换,",红红红,love梦想家居馆,68.00,410人收货,上海,好评率：98.60%,"31.82%,45.18%,55.45%,",淘宝c店,5钻
羊毛被全棉澳洲驼绒被芯羊绒10斤冬被加厚保暖棉被子芯单人冬季,https://item.taobao.com/item.htm?id=558032796780&ns=1&abbucket=10#detail,"金牌卖家,15天退换,公益宝贝,",红红红,罗莱家纺8666,159.04,383人收货,江苏 南通,好评率：98.48%,"42.78%,39.60%,50.24%,",淘宝c店,1冠
水星家纺抗菌100%澳洲羊毛被纯羊毛冬被加厚保暖冬季进口芯,https://detail.tmall.com/item.htm?id=522556400609&ns=1&abbucket=10,"天猫,",黄黄红,水星旗舰店,449.00,368人收货,上海,,"0.00%,0.00%,8.26%,",天猫店,
恒源祥100%纯羊毛被冬被澳洲加厚8斤9斤保暖冬天棉春秋芯子,https://detail.tmall.com/item.htm?id=575402837004&ns=1&abbucket=10,"天猫,",黄红红,恒源祥凡士专卖店,229.00,354人收货,,,"0.00%,4.46%,8.54%,",天猫店,
lovo家纺澳洲羊毛被子被芯床上用品单双人床12/1.5/1.8床学生成人,https://detail.tmall.com/item.htm?id=575963302347&ns=1&abbucket=10,"天猫,",红红红,lovo官方旗舰店,299.00,341人收货,江苏 南通,,"1.86%,21.13%,22.59%,",天猫店,
全棉羊毛被冬被100%澳洲羊毛保暖加厚羊绒被芯单双人学生春秋子,https://item.taobao.com/item.htm?id=575126220322&ns=1&abbucket=10#detail,"15天退换,公益宝贝,",红红红,武向辉888,88.00,325人收货,上海,好评率：96.57%,"34.62%,21.37%,22.52%,",淘宝c店,2钻
埃迪蒙托 羊毛被芯被子冬被非全棉加厚保暖双人单人床8斤宿舍,https://detail.tmall.com/item.htm?id=522556725226&ns=1&abbucket=10,"天猫,",红红红,埃迪蒙托旗舰店,299.00,312人收货,广东 深圳,,"36.43%,38.56%,38.60%,",天猫店,
富安娜家纺澳洲羊毛被子被芯保暖加厚被褥单人双人春秋全棉冬,https://detail.tmall.com/item.htm?id=17551243053&ns=1&abbucket=10,"天猫,",黄黄红,富安娜官方旗舰店,599.00,309人收货,,,"0.00%,0.00%,7.22%,",天猫店,
加厚保暖棉被羊羔绒法莱绒冬被学生单人双人宿舍冬季子芯,https://item.taobao.com/item.htm?id=549737076179&ns=1&abbucket=10#detail,"公益宝贝,",蓝蓝蓝,厚道32619192,84.51,308人收货,江苏 南通,好评率：97.83%,"2.28%,0.72%,1.12%,",淘宝c店,4钻
小绵羊澳洲100%纯羊毛被冬被冬季被子被芯加厚保暖单人双人,https://detail.tmall.com/item.htm?id=556318414915&ns=1&abbucket=10,"天猫,",黄红红,小绵羊床品旗舰店,199.00,307人收货,上海,,"0.00%,14.49%,15.49%,",天猫店,
羊毛被冬被双人春秋被单人学生棉被芯成人被褥被子特价包邮大促销,https://item.taobao.com/item.htm?id=576574927324&ns=1&abbucket=10#detail,,红红红,南通家纺贸易中心,278.00,298人收货,,好评率：96.95%,"9.45%,13.05%,22.44%,",淘宝c店,5钻
进口澳洲羊毛被子100%纯羊毛被芯加厚保暖冬被羊绒单双人春秋,https://item.taobao.com/item.htm?id=576595965536&ns=1&abbucket=10#detail,"15天退换,公益宝贝,",红红红,床上的荷花,208.00,295人收货,上海,好评率：99.66%,"82.95%,79.49%,81.10%,",淘宝c店,3钻
羊毛被100%澳洲纯羊毛被子单双人春秋被学生棉被冬加厚保暖芯,https://item.taobao.com/item.htm?id=577210051818&ns=1&abbucket=10#detail,"金牌卖家,15天退换,",红红红,如意家纺1989,65.00,292人收货,上海,好评率：99.18%,"33.25%,43.05%,49.97%,",淘宝c店,3钻
正品澳洲羊毛被100%纯羊毛加厚冬被芯单双人春秋被学生子礼品,https://item.taobao.com/item.htm?id=576587441357&ns=1&abbucket=10#detail,"公益宝贝,",红红红,fhhtb66,78.00,272人收货,上海,好评率：96.36%,"17.45%,26.62%,2.18%,",淘宝c店,2钻
花雨伞澳洲100%纯羊毛被秋冬加厚被子被芯春秋被学生保暖冬双人,https://detail.tmall.com/item.htm?id=577181046395&ns=1&abbucket=10,"天猫,",红红红,花雨伞家纺旗舰店,148.00,264人收货,,,"62.98%,47.78%,57.63%,",天猫店,
恒源祥被子澳洲100%纯羊毛被全棉被芯结婚单双人加厚保暖春秋冬,https://detail.tmall.com/item.htm?id=44844110724&ns=1&abbucket=10,"天猫,",红红红,fazeya彩羊梦沁园专卖店,298.00,260人收货,,,"19.61%,20.25%,15.27%,",天猫店,
澳洲羊毛被子被芯冬被单双人100%纯羊毛加厚保暖学生宿舍春秋褥,https://detail.tmall.com/item.htm?id=576730707365&ns=1&abbucket=10,"天猫,",红红红,sensleep旗舰店,299.00,243人收货,安徽 合肥,,"90.99%,90.56%,88.74%,",天猫店,
驼毛被子冬被芯加厚保暖羽丝绒棉被心单双人正品羊毛冬季驼绒,https://detail.tmall.com/item.htm?id=36524480802&ns=1&abbucket=10,"天猫,",红红红,蓝联旗舰店,129.00,243人收货,江苏 南通,,"25.07%,42.35%,40.11%,",天猫店,
梦洁宝贝羊毛被冬被加厚学生被芯保暖进口羊毛柔软蓬松儿童子,https://detail.tmall.com/item.htm?id=35579571046&ns=1&abbucket=10,"天猫,公益宝贝,",黄红红,梦洁宝贝旗舰店,368.00,242人收货,湖南 长沙,,"0.00%,13.09%,29.33%,",天猫店,
水星家纺羊毛柔丝二合一被子母被加厚保暖羊毛被芯双人被子,https://detail.tmall.com/item.htm?id=18066027269&ns=1&abbucket=10,"天猫,",黄黄红,水星旗舰店,449.00,241人收货,上海,,"0.00%,0.00%,8.26%,",天猫店,
恒源祥进口澳洲100%纯羊毛被单双人羊绒被芯保暖羊毛子加厚冬,https://detail.tmall.com/item.htm?id=40757657841&ns=1&abbucket=10,"天猫,公益宝贝,",红红红,恒源祥惠丹专卖店,269.00,237人收货,,,"6.85%,6.23%,7.11%,",天猫店,
羊羔绒冬被加厚保暖8斤宿舍冬季学生棉被双人羊毛被春秋子芯,https://item.taobao.com/item.htm?id=538712770437&ns=1&abbucket=10#detail,,黄红红,jin256330,89.30,223人收货,江苏 南通,好评率：99.05%,"0.00%,22.84%,0.84%,",淘宝c店,1钻
羊毛被加厚保暖被褥被子冬被棉被芯春秋被冬被学生宿舍单双人,https://item.taobao.com/item.htm?id=577562810516&ns=1&abbucket=10#detail,"金牌卖家,",红红红,丽馨家纺1988,278.00,223人收货,江苏 南通,好评率：98.32%,"19.68%,34.20%,34.14%,",淘宝c店,5钻
海浪冬季加厚保暖澳洲羊毛被 春秋被子单人被芯被褥双人冬特价2,https://item.taobao.com/item.htm?id=565656009480&ns=1&abbucket=10#detail,"金牌卖家,",红红红,凤凰家纺11,99.00,221人收货,江苏 南通,好评率：98.08%,"22.91%,35.37%,42.05%,",淘宝c店,3冠
恋人水星家纺羊毛被100%澳洲纯羊毛单双人春秋羊绒加厚保暖冬,https://item.taobao.com/item.htm?id=576358261674&ns=1&abbucket=10#detail,,红红红,雯莱纺织,88.00,217人收货,江苏 南通,好评率：100.00%,"97.66%,100.00%,100.00%,",淘宝c店,5心
被子冬被加厚保暖羊毛被全棉被芯单双人棉被学生宿舍棉絮春秋褥,https://item.taobao.com/item.htm?id=577205939367&ns=1&abbucket=10#detail,,蓝黄红,葵日家居生活馆,198.00,212人收货,江苏 南通,好评率：95.67%,"1.18%,0.00%,22.27%,",企业店铺,5钻
羊毛被100%澳洲纯羊毛冬被加厚保暖学生宿舍单人春秋双人芯子,https://detail.tmall.com/item.htm?id=41712498897&ns=1&abbucket=10,"天猫,公益宝贝,",红红红,维科家居旗舰店,229.00,206人收货,浙江 宁波,,"18.70%,33.52%,45.43%,",天猫店,
多喜爱秋冬新品羊毛被磨毛保暖冬被双人被子尼克蓄胆多层,https://detail.tmall.com/item.htm?id=573596519075&ns=1&abbucket=10,"天猫,",黄红红,多喜爱旗舰店,299.00,206人收货,上海,,"0.00%,2.79%,17.10%,",天猫店,
恒源祥澳洲进口纯羊毛被子 加厚保暖冬被棉被春秋双人芯空调,https://detail.tmall.com/item.htm?id=535932022269&ns=1&abbucket=10,"天猫,",黄红红,恒源祥海洋时代专卖店,249.00,204人收货,,,"0.00%,0.84%,8.16%,",天猫店,
【天天特价】炫耀水星驼毛被正品100%纯驼毛绒羊毛春秋冬加厚,https://item.taobao.com/item.htm?id=564520042412&ns=1&abbucket=10#detail,,红红红,姗姗时尚家居城,99.00,185人收货,江苏 南通,好评率：97.55%,"56.72%,33.07%,26.72%,",淘宝c店,5钻
罗莱家纺羊毛被冬季保暖双人被子加厚羊毛被芯暖绒冬棉礼盒装,https://detail.tmall.com/item.htm?id=537333699700&ns=1&abbucket=10,"天猫,",红红红,罗莱官方旗舰店,399.00,179人收货,江苏 南通,,"3.37%,8.65%,13.93%,",天猫店,
恒源祥进口澳洲羊毛被子冬被春秋被双人学生宿舍加厚保暖棉芯,https://detail.tmall.com/item.htm?id=556378257656&ns=1&abbucket=10,"天猫,公益宝贝,",红红红,恒源祥惠丹专卖店,199.00,166人收货,,,"6.85%,6.23%,7.11%,",天猫店,
多喜爱新品羊毛冬被子磨毛被芯1.2m1.5m1.8m暖阳阳澳洲,https://detail.tmall.com/item.htm?id=573505574173&ns=1&abbucket=10,"天猫,",黄红红,多喜爱旗舰店,299.00,164人收货,上海,,"0.00%,2.79%,17.10%,",天猫店,
羊绒被2米 2米3,https://item.taobao.com/item.htm?id=575473205029&ns=1&abbucket=10#detail,"金牌卖家,",红红红,张氏皮草66,280.00,150人收货,河北 邢台,好评率：99.37%,"56.00%,57.10%,56.49%,",淘宝c店,4钻
罗莱家纺床上用品被子被芯四季被子母被W二合一羊毛纤维子母,https://detail.tmall.com/item.htm?id=536646036210&ns=1&abbucket=10,"天猫,",红红红,罗莱官方旗舰店,449.00,150人收货,江苏 南通,,"3.37%,8.65%,13.93%,",天猫店,
驼毛被100%纯驼绒冬被加厚保暖羊毛被春秋季10/6/8斤夏凉子棉芯,https://item.taobao.com/item.htm?id=560357735931&ns=1&abbucket=10#detail,"15天退换,公益宝贝,",红红红,心想事成家居用品,66.00,148人收货,,好评率：98.76%,"47.50%,49.00%,47.36%,",淘宝c店,2钻
羊毛被100%澳洲纯羊毛被子单双人春秋被学生棉被冬加厚保暖芯,https://item.taobao.com/item.htm?id=576260421693&ns=1&abbucket=10#detail,,红红红,爱琪一被子,58.00,145人收货,上海,好评率：99.14%,"19.35%,27.25%,37.01%,",淘宝c店,3钻
恒源祥羊毛被100%纯羊毛加厚保暖双人纯棉羊绒被棉春秋冬褥,https://item.taobao.com/item.htm?id=576752237382&ns=1&abbucket=10#detail,"金牌卖家,15天退换,",红红红,mm王小凯,308.00,139人收货,安徽 安庆,好评率：98.79%,"84.46%,82.44%,80.49%,",企业店铺,5钻
礼品被子礼盒装驼绒被芯驼毛被会销品批發双人羊毛冬被春秋包邮,https://item.taobao.com/item.htm?id=549902410383&ns=1&abbucket=10#detail,,蓝蓝蓝,水星国际888,24.80,137人收货,江苏 南通,好评率：98.98%,"3.16%,1.70%,1.06%,",淘宝c店,1冠
正品促销澳洲纯羊毛被芯加厚保暖被子冬被春秋单双人冬天头,https://item.taobao.com/item.htm?id=575105190636&ns=1&abbucket=10#detail,,蓝黄红,tb0417855_2012,198.00,134人收货,江苏 南通,好评率：98.61%,"0.99%,0.00%,8.33%,",淘宝c店,4钻
桓源祥羊毛被正品100%澳洲纯羊毛加厚保暖单双人学生全棉羊绒冬,https://item.taobao.com/item.htm?id=577015486736&ns=1&abbucket=10#detail,,红红红,许愿池那少女,108.00,132人收货,江苏 南通,好评率：97.96%,"100.00%,100.00%,100.00%,",淘宝c店,4心
100%加厚羊毛被驼毛冬被保暖棉被子单双人结婚庆芯羊绒春秋学生,https://item.taobao.com/item.htm?id=577136448171&ns=1&abbucket=10#detail,"15天退换,公益宝贝,",红红红,banenning,58.00,131人收货,江苏 南通,好评率：98.56%,"6.75%,12.77%,38.60%,",淘宝c店,4钻
富安娜馨而乐澳洲羊毛春秋冬厚被子单人1.5m双人1.8米床品芯,https://detail.tmall.com/item.htm?id=566988201389&ns=1&abbucket=10,"天猫,",黄黄红,富安娜官方旗舰店,499.00,129人收货,,,"0.00%,0.00%,7.22%,",天猫店,
雅兰家纺羊毛被芯冬被1.5米被子1.8米加厚保暖双人子儿童单人,https://detail.tmall.com/item.htm?id=39272232410&ns=1&abbucket=10,"天猫,",黄红红,雅兰家纺旗舰店,199.00,129人收货,广东 惠州,,"0.00%,19.35%,26.41%,",天猫店,
羊羔绒被子加厚保暖被芯全棉双面绒法莱绒羊绒棉单双人学生冬2m,https://item.taobao.com/item.htm?id=572512636342&ns=1&abbucket=10#detail,"公益宝贝,",红红红,红尘有你每一天,36.00,125人收货,江苏 南通,好评率：98.87%,"15.98%,26.26%,46.17%,",淘宝c店,1钻
羊毛被100%纯羊毛秋冬被加厚纯棉面料澳洲羊毛被芯单双人子定制,https://item.taobao.com/item.htm?id=575377261398&ns=1&abbucket=10#detail,"金牌卖家,15天退换,",红红红,海阔天空12223,338.00,123人收货,河北 邢台,好评率：100.00%,"96.08%,95.29%,90.71%,",淘宝c店,1钻
南极人澳洲羊毛被子被芯加厚保暖冬被棉被单人春秋双人空调,https://detail.tmall.com/item.htm?id=575147019843&ns=1&abbucket=10,"天猫,",蓝蓝蓝,南极人维米专卖店,139.00,122人收货,,,"1.09%,1.09%,0.95%,",天猫店,
罗莱家纺羊毛被冬天床上用品100%羊毛被子被芯保暖加厚单双人,https://detail.tmall.com/item.htm?id=557199842771&ns=1&abbucket=10,"天猫,",红红红,罗莱官方旗舰店,769.00,115人收货,江苏 南通,,"3.37%,8.65%,13.93%,",天猫店,
澳洲羊毛被100%纯羊毛被芯加厚保暖冬被单双人全棉春秋羊绒子,https://item.taobao.com/item.htm?id=575054219904&ns=1&abbucket=10#detail,"15天退换,公益宝贝,",红红红,亚寿家纺企业店,99.00,110人收货,江苏 南通,好评率：99.04%,"11.82%,26.85%,29.13%,",企业店铺,4钻
羊毛被冬被被子加厚保暖棉被芯10冬天保暖被芯学生宿舍8斤单人,https://detail.tmall.com/item.htm?id=540107144106&ns=1&abbucket=10,"天猫,",红红红,爱斯基摩人家纺旗舰,239.00,108人收货,,,"2.29%,18.36%,17.92%,",天猫店,
加厚8斤羊毛被子夏凉被纯羊毛秋冬被驼毛绒双人被芯礼品子特价,https://item.taobao.com/item.htm?id=537565579191&ns=1&abbucket=10#detail,,蓝蓝蓝,乐购家居111,88.00,104人收货,江苏 南通,好评率：99.32%,"2.81%,2.35%,2.92%,",淘宝c店,2冠
富安娜圣之花被子冬被宿舍单人加厚保暖羊毛被芯双人1.8米床品,https://detail.tmall.com/item.htm?id=540885160449&ns=1&abbucket=10,"天猫,",黄黄红,富安娜官方旗舰店,680.00,103人收货,,,"0.00%,0.00%,7.22%,",天猫店,
博洋被子冬被全棉羊毛被纯羊毛礼品被芯双人冬季加厚保暖春秋,https://detail.tmall.com/item.htm?id=3408373837&ns=1&abbucket=10,"天猫,",黄红红,博洋家纺旗舰店,369.00,102人收货,浙江 宁波,,"0.00%,18.25%,25.06%,",天猫店,
冬季羽丝绒羊绒棉冬被加厚保暖双人被芯单人学生宿舍子6斤磨毛,https://item.taobao.com/item.htm?id=575036840591&ns=1&abbucket=10#detail,"15天退换,公益宝贝,",红红红,馨梦缘床饰,52.80,100人收货,江苏 南通,好评率：99.50%,"47.44%,36.79%,37.71%,",淘宝c店,3钻
远梦冬被被子澳洲羊毛被双人加厚保暖冬季棉被春秋芯冬天学生,https://detail.tmall.com/item.htm?id=557944997700&ns=1&abbucket=10,"天猫,",蓝黄黄,远梦家居旗舰店,359.00,98人收货,广东 东莞,,"0.55%,0.00%,0.00%,",天猫店,
lovo家纺澳洲羊毛被子被芯防螨澳毛被床品单双人床1.2/1.5/1.8m床,https://detail.tmall.com/item.htm?id=576867247984&ns=1&abbucket=10,"天猫,",红红红,lovo官方旗舰店,299.00,97人收货,江苏 南通,,"1.86%,21.13%,22.59%,",天猫店,
正品羊毛被100%澳洲纯羊毛被子加厚保暖冬被羊绒被单双人春秋芯,https://item.taobao.com/item.htm?id=573018639084&ns=1&abbucket=10#detail,"金牌卖家,",红红红,国际世贸998,90.00,93人收货,上海,好评率：98.39%,"32.61%,53.12%,44.57%,",淘宝c店,4钻
馨而乐家纺澳洲进口羊毛被加厚保暖冬季被芯单人双人1.8春秋子,https://detail.tmall.com/item.htm?id=538933261145&ns=1&abbucket=10,"天猫,",红红红,馨而乐家纺官方旗舰店,299.00,91人收货,,,"24.63%,30.33%,32.71%,",天猫店,
澳洲进口羊毛被单人100%纯羊毛加厚冬被保暖全棉双人春秋芯冬季,https://item.taobao.com/item.htm?id=576951323807&ns=1&abbucket=10#detail,"全球购,金牌卖家,公益宝贝,",红红红,773582622qqcom,982.40,91人收货,上海,好评率：99.87%,"74.81%,75.21%,72.87%,",淘宝c店,3钻
恒源祥正品澳洲100%纯羊毛被子春秋被芯加厚保暖冬10斤棉双人,https://item.taobao.com/item.htm?id=573627517610&ns=1&abbucket=10#detail,"15天退换,公益宝贝,",红红红,兔汪汪4563,138.00,90人收货,江苏 南通,好评率：99.16%,"19.64%,28.57%,19.68%,",淘宝c店,3钻
澳洲羊毛被冬被加厚保暖100%纯羊毛羊绒被子单人冬季春秋芯双人,https://item.taobao.com/item.htm?id=573893815559&ns=1&abbucket=10#detail,"15天退换,公益宝贝,",红红红,她他爱国际,148.00,80人收货,江苏 南通,好评率：99.27%,"26.73%,19.43%,30.53%,",淘宝c店,3钻
水星家纺 100%澳洲羊毛被冬被加厚保暖双人被芯冬季被子秋冬,https://detail.tmall.com/item.htm?id=537695521138&ns=1&abbucket=10,"天猫,",黄黄红,水星旗舰店,499.00,80人收货,上海,,"0.00%,0.00%,8.26%,",天猫店,
华锦添羊毛被100%纯羊毛保暖加厚冬被单双人羊绒被芯春秋学生,https://detail.tmall.com/item.htm?id=576249686682&ns=1&abbucket=10,"天猫,",蓝蓝蓝,赛瑶家居专营店,119.00,78人收货,江苏 南通,,"1.52%,1.66%,1.38%,",天猫店,
小绵羊羊毛被100%纯羊毛冬被单人双人加厚保暖冬季子芯,https://detail.tmall.com/item.htm?id=556278128751&ns=1&abbucket=10,"天猫,",黄红红,小绵羊床品旗舰店,169.00,77人收货,上海,,"0.00%,14.49%,15.49%,",天猫店,
羊毛被100%澳洲纯羊毛被全棉加厚冬被子母被单双人芯春秋夏,https://item.taobao.com/item.htm?id=574716315531&ns=1&abbucket=10#detail,,红红红,爱蕊之家家纺,128.00,75人收货,江苏 南京,好评率：98.86%,"34.77%,32.36%,6.69%,",淘宝c店,3钻
迎馨家纺 春秋被子羊毛被芯四季被单双人磨毛加厚,https://detail.tmall.com/item.htm?id=574274671132&ns=1&abbucket=10,"天猫,天猫直送,",红红红,天猫超市,399.00,74人收货,上海,,"38.85%,31.60%,36.05%,",天猫店,
羊毛被100%澳洲纯羊毛加厚保暖单双人纯棉羊绒被春秋冬,https://item.taobao.com/item.htm?id=575854246688&ns=1&abbucket=10#detail,"15天退换,",红红红,小树苗长叶,258.00,74人收货,江苏 南通,好评率：97.73%,"93.95%,92.72%,67.72%,",企业店铺,4钻
澳洲羊毛被加厚纯羊毛被子6斤/8斤/10斤子母被春秋双人空调学生,https://item.taobao.com/item.htm?id=576971858988&ns=1&abbucket=10#detail,,蓝黄红,tb0417855_2012,198.00,72人收货,江苏 南通,好评率：98.61%,"0.99%,0.00%,8.33%,",淘宝c店,4钻
羊毛被子100%纯羊毛春秋被冬被单人双人学生宿舍加厚8斤羊绒芯,https://item.taobao.com/item.htm?id=557274296978&ns=1&abbucket=10#detail,"15天退换,",蓝蓝黄,大豪购物,88.00,72人收货,江苏 南通,好评率：98.40%,"0.69%,0.64%,0.00%,",淘宝c店,4钻
正品羊毛被100%纯羊毛加厚保暖冬被子春秋被子单双人秋冬礼品子,https://item.taobao.com/item.htm?id=573745419705&ns=1&abbucket=10#detail,"15天退换,公益宝贝,",红红红,文君家纺999,75.00,72人收货,江苏 南通,好评率：98.64%,"40.12%,27.99%,69.59%,",淘宝c店,2钻
澳洲纯羊毛被子冬季被芯双人春秋被学生宿舍加厚保暖棉冬,https://item.taobao.com/item.htm?id=571277197328&ns=1&abbucket=10#detail,"15天退换,",蓝黄黄,cyj168866,199.00,71人收货,江苏 南通,好评率：98.22%,"0.92%,0.00%,0.00%,",淘宝c店,2冠
金喜路100%澳洲羊毛被子加厚被芯双人保暖冬被单人学生宿舍棉,https://detail.tmall.com/item.htm?id=15667442317&ns=1&abbucket=10,"天猫,",黄蓝蓝,金喜路家纺旗舰店,99.00,71人收货,上海,,"0.00%,0.76%,1.11%,",天猫店,
恒源祥羊毛被100%澳洲纯羊毛加厚保暖单双人纯棉羊绒春秋冬,https://item.taobao.com/item.htm?id=575468376379&ns=1&abbucket=10#detail,,红红红,温馨小家庭linzhen,158.00,70人收货,,好评率：100.00%,"100.00%,100.00%,100.00%,",淘宝c店,1钻
南极人澳洲纯羊毛被子被芯冬被冬季棉被加厚保暖春秋太空调褥,https://detail.tmall.com/item.htm?id=577390671098&ns=1&abbucket=10,"天猫,",蓝蓝蓝,南极人维米专卖店,129.00,70人收货,,,"1.09%,1.09%,0.95%,",天猫店,
澳洲纯羊毛被冬被单人双人加厚保暖冬季棉被春秋被芯冬天学生子,https://detail.tmall.com/item.htm?id=577379691425&ns=1&abbucket=10,"天猫,",黄红红,法兰卡丹旗舰店,168.00,69人收货,江苏 南通,,"0.00%,5.98%,31.19%,",天猫店,
小绵羊澳洲羊毛被100%纯羊毛冬被单双人冬季加厚保暖子芯,https://detail.tmall.com/item.htm?id=556191488646&ns=1&abbucket=10,"天猫,",黄红红,小绵羊床品旗舰店,319.00,68人收货,上海,,"0.00%,14.49%,15.49%,",天猫店,
全棉羊毛被100%澳洲纯羊毛加厚保暖单双人纯棉羊绒春秋冬芯,https://item.taobao.com/item.htm?id=577493349116&ns=1&abbucket=10#detail,"15天退换,公益宝贝,",红红红,半成熟的眼线,78.00,68人收货,上海,好评率：97.67%,"97.25%,96.70%,96.75%,",淘宝c店,3钻
10斤加厚100%驼绒被子纯驼毛被冬被保暖羊毛被芯双人单人春秋棉,https://detail.tmall.com/item.htm?id=520190852080&ns=1&abbucket=10,"天猫,公益宝贝,",红红红,诗润姿家纺旗舰店,364.00,67人收货,,,"80.82%,66.28%,66.56%,",天猫店,
被子冬被棉被芯加厚保暖羊毛被羊羔绒10斤冬天双人学生单人床8斤,https://detail.tmall.com/item.htm?id=561111715870&ns=1&abbucket=10,"天猫,",蓝黄黄,汐语家纺旗舰店,199.00,67人收货,浙江 杭州,,"0.71%,0.00%,0.00%,",天猫店,
驼毛被驼绒被羊毛被加厚单双人冬被春秋被冬季保暖芯褥学生,https://item.taobao.com/item.htm?id=576693007117&ns=1&abbucket=10#detail,,红红红,南通家纺贸易中心,278.00,67人收货,,好评率：96.95%,"9.45%,13.05%,22.44%,",淘宝c店,5钻
正品羊毛被100%澳洲纯羊毛被芯全棉加厚春秋被羊绒学生冬单双人,https://item.taobao.com/item.htm?id=577375879985&ns=1&abbucket=10#detail,"15天退换,公益宝贝,",红红红,tb2877360_2012,128.00,66人收货,上海,好评率：97.66%,"100.00%,100.00%,100.00%,",淘宝c店,2钻
恒源祥家纺 羊毛被芯春秋被 单人双人秋冬被保暖加厚冬季芯子,https://detail.tmall.com/item.htm?id=39015437292&ns=1&abbucket=10,"天猫,",黄红红,恒源祥家纺官方旗舰店,283.00,65人收货,上海,,"0.00%,12.49%,13.70%,",天猫店,
恒源祥澳洲进口羊毛被 双人被子冬被加厚保暖春秋被芯冬季空调,https://detail.tmall.com/item.htm?id=556100440054&ns=1&abbucket=10,"天猫,",黄红红,恒源祥海洋时代专卖店,285.00,61人收货,,,"0.00%,0.84%,8.16%,",天猫店,
恒源祥家纺 澳大利亚原装进口羊毛被保暖加厚冬被被芯单双人子,https://detail.tmall.com/item.htm?id=537692588163&ns=1&abbucket=10,"天猫,",黄红红,恒源祥家纺官方旗舰店,615.00,58人收货,上海,,"0.00%,12.49%,13.70%,",天猫店,
【微瑕疵】lovo家纺冬季保暖加厚被子被芯冬天双人羊毛加厚冬,https://item.taobao.com/item.htm?id=569571188002&ns=1&abbucket=10#detail,"金牌卖家,",红红红,罗莱家纺儿童直销店,99.68,57人收货,,好评率：98.82%,"52.63%,39.86%,39.70%,",企业店铺,2冠
水星家纺羊毛被澳洲羊毛被加厚保暖双人被芯冬季1.8米床洛克拉,https://detail.tmall.com/item.htm?id=557411100096&ns=1&abbucket=10,"天猫,",黄黄红,水星旗舰店,379.00,56人收货,上海,,"0.00%,0.00%,8.26%,",天猫店,
羊毛被子加厚保暖冬被棉被学生宿舍被子被芯春秋双人空调,https://item.taobao.com/item.htm?id=576148205453&ns=1&abbucket=10#detail,,蓝蓝蓝,悦之梦家纺,62.00,55人收货,江苏 南通,好评率：96.85%,"11.73%,10.19%,10.15%,",淘宝c店,4心
暖洋洋澳洲羊毛被冬被春秋被学生被子单人被8斤加厚保暖冬季芯,https://item.taobao.com/item.htm?id=576145599386&ns=1&abbucket=10#detail,"金牌卖家,15天退换,",蓝红红,米兰家居馆,518.00,55人收货,江苏 南通,好评率：97.30%,"0.71%,11.47%,21.40%,",淘宝c店,5钻
富安娜澳洲羊毛被子加厚被芯双人保暖冬被单人春秋子澳洲,https://detail.tmall.com/item.htm?id=45703817514&ns=1&abbucket=10,"天猫,",黄红红,富安娜艺术生活馆,399.00,54人收货,,,"0.00%,0.72%,7.00%,",天猫店,
天魅家纺羊毛被四季被被芯春秋被单人双人被子1.5/2m,https://detail.tmall.com/item.htm?id=574052827570&ns=1&abbucket=10,"天猫,天猫直送,",红红红,天猫超市,249.00,53人收货,上海,,"38.85%,31.60%,36.05%,",天猫店,
加厚保暖羊毛被春秋单双人被子冬被冬天棉被羊绒被芯1.8m2米床,https://item.taobao.com/item.htm?id=576709337094&ns=1&abbucket=10#detail,"金牌卖家,",红红红,美灵格莱美,99.00,53人收货,江苏 南通,好评率：99.51%,"72.12%,68.85%,72.85%,",企业店铺,3钻
被子冬被加厚保暖10羊羔绒羊毛被6冬天棉被芯8斤单人学生双人褥,https://item.taobao.com/item.htm?id=571940133456&ns=1&abbucket=10#detail,,黄黄黄,陈风涛123,199.00,52人收货,浙江 杭州,好评率：98.97%,"0.00%,0.00%,0.00%,",企业店铺,5冠
南方寝饰新西兰纯羊毛被子被芯双人学生宿舍单人加厚保暖棉冬,https://detail.tmall.com/item.htm?id=540735469254&ns=1&abbucket=10,"天猫,",红红红,南方寝饰家纺旗舰店,238.00,49人收货,上海,,"0.53%,10.34%,12.17%,",天猫店,
60支全棉大提花澳洲进口羊毛被羊绒被芯春秋冬天棉加厚保暖子,https://item.taobao.com/item.htm?id=576824958919&ns=1&abbucket=10#detail,"金牌卖家,",红红红,美灵格莱美,488.00,49人收货,江苏 南通,好评率：99.51%,"72.12%,68.85%,72.85%,",企业店铺,3钻
多喜爱家纺暖意舒柔七孔羊毛被被单人双人蓬松温暖冬季被芯子,https://detail.tmall.com/item.htm?id=40254632482&ns=1&abbucket=10,"天猫,",黄红红,多喜爱旗舰店,199.00,48人收货,上海,,"0.00%,2.79%,17.10%,",天猫店,
羊羔毛绒被子被芯1.8m冬被保暖加厚1.2儿童棉被1.5米春秋羊绒,https://item.taobao.com/item.htm?id=577846527337&ns=1&abbucket=10#detail,,红红红,马克男装精品折扣店,99.00,48人收货,,好评率：99.74%,"38.46%,50.65%,51.37%,",淘宝c店,1钻
富安娜家纺蚕丝被子澳洲进口羊毛被芯子母被双人二合一冬天厚,https://detail.tmall.com/item.htm?id=558242448727&ns=1&abbucket=10,"天猫,",黄黄红,富安娜官方旗舰店,799.00,47人收货,,,"0.00%,0.00%,7.22%,",天猫店,
羊毛被加厚冬被芯100%澳洲纯羊绒春秋被子8斤10斤宿舍单双人居家,https://item.taobao.com/item.htm?id=574215927604&ns=1&abbucket=10#detail,"金牌卖家,15天退换,公益宝贝,",蓝蓝蓝,精品店6688,88.00,46人收货,江苏 南通,好评率：97.75%,"1.08%,0.96%,0.00%,",淘宝c店,3钻
正品100%纯驼绒被子冬被驼毛被加厚冬被被子羊绒被芯单双人定做,https://item.taobao.com/item.htm?id=575412736695&ns=1&abbucket=10#detail,,红红红,清城小爱,320.00,45人收货,河北 邢台,好评率：100.00%,"92.88%,97.13%,97.17%,",企业店铺,5心
博洋家纺100%羊毛被加厚双人被子单人全棉冬被保暖秋冬纯芯,https://detail.tmall.com/item.htm?id=537651233212&ns=1&abbucket=10,"天猫,",黄红红,博洋家纺旗舰店,369.00,45人收货,浙江 宁波,,"0.00%,18.25%,25.06%,",天猫店,
正品100%纯羊毛被加厚保暖冬被春秋被子单人双人棉子母芯特价,https://item.taobao.com/item.htm?id=556947957878&ns=1&abbucket=10#detail,"金牌卖家,",红红红,佳乐美家纺,90.00,41人收货,上海,好评率：98.82%,"39.50%,35.93%,26.03%,",淘宝c店,4钻
正品羊毛被100%纯羊毛被春秋冬被芯加厚保暖单人双人学生宿舍子,https://item.taobao.com/item.htm?id=562993135787&ns=1&abbucket=10#detail,"15天退换,",红红红,买家马上好运888,68.00,41人收货,上海,好评率：98.21%,"82.32%,78.73%,58.08%,",淘宝c店,4钻
进口加厚纯羊毛被100%澳洲羊毛被子保暖冬被全棉单人双人春秋芯,https://item.taobao.com/item.htm?id=575883431033&ns=1&abbucket=10#detail,"icon-service-jiyoujia,金牌卖家,15天退换,",红红红,梦洁专柜,378.00,41人收货,江苏 南通,好评率：99.90%,"21.08%,39.94%,37.90%,",淘宝c店,3冠
冬天被子加厚保暖毛绒羊羔绒被芯棉絮学生宿舍羊绒子冬单双人,https://item.taobao.com/item.htm?id=572704541736&ns=1&abbucket=10#detail,"公益宝贝,",红红红,孟楼郭奇,36.00,39人收货,江苏 南通,好评率：98.72%,"60.09%,63.99%,71.62%,",淘宝c店,1钻
恒源祥羊毛被加厚保暖单双人纯棉羊绒被100%澳洲纯春秋冬,https://item.taobao.com/item.htm?id=576572669426&ns=1&abbucket=10#detail,,红红红,品牌家居直销店8888,88.00,39人收货,,好评率：100.00%,"100.00%,100.00%,100.00%,",淘宝c店,5心
恒源祥羊毛被正品100%澳洲纯羊毛加厚保暖单人双人纯棉春秋冬,https://item.taobao.com/item.htm?id=576857017738&ns=1&abbucket=10#detail,,红红红,温馨小家庭zhenzhen,238.00,38人收货,,好评率：100.00%,"94.04%,92.83%,92.93%,",淘宝c店,1钻
无印良品新品 四季羊毛被 纯羊毛被 单双人羊毛被,https://detail.tmall.com/item.htm?id=561199240933&ns=1&abbucket=10,"天猫,",蓝黄红,无印良品旗舰店,399.00,38人收货,北京,,"0.78%,0.00%,10.82%,",天猫店,
南极人羊毛被被芯春秋被双人被子被芯加厚保暖冬被单人床上用品,https://detail.tmall.com/item.htm?id=550119519314&ns=1&abbucket=10,"天猫,公益宝贝,",黄红红,南极人尊品专卖店,109.00,38人收货,,,"0.00%,6.53%,15.73%,",天猫店,
水星家纺爱意浓浓羊毛被春秋被保暖双人四季被1.8米床羊毛芯,https://detail.tmall.com/item.htm?id=521182944686&ns=1&abbucket=10,"天猫,",黄黄红,水星旗舰店,229.00,37人收货,上海,,"0.00%,0.00%,8.26%,",天猫店,
恒源祥澳洲进口羊毛被子加厚保暖冬被棉被双人春秋芯单人空调,https://detail.tmall.com/item.htm?id=573892257189&ns=1&abbucket=10,"天猫,",黄红红,恒源祥海洋时代专卖店,219.00,37人收货,,,"0.00%,0.84%,8.16%,",天猫店,
小绵羊羊毛被100%纯羊毛冬被棉被芯单双人加厚保暖春秋羊绒子,https://detail.tmall.com/item.htm?id=576299983404&ns=1&abbucket=10,"天猫,",蓝蓝蓝,小绵羊锐洁专卖店,169.00,35人收货,上海,,"1.69%,1.25%,1.34%,",天猫店,
冬季学生羊羔绒冬被保暖加厚棉被被芯单人双人羊毛羊绒子特价,https://item.taobao.com/item.htm?id=536969071077&ns=1&abbucket=10#detail,"15天退换,",蓝蓝蓝,天天乐家居店,45.00,35人收货,江苏 南通,好评率：98.55%,"1.82%,1.80%,0.98%,",淘宝c店,3冠
南极人新西兰纯羊毛被子被芯双人空调被学生宿舍加厚保暖棉冬,https://detail.tmall.com/item.htm?id=541006663778&ns=1&abbucket=10,"天猫,",黄黄红,南极人家纺旗舰店,359.00,34人收货,上海,,"0.00%,0.00%,11.97%,",天猫店,
羊毛被100%澳洲纯羊毛羊绒被冬被单人保暖加厚10斤8斤双人春秋,https://item.taobao.com/item.htm?id=577031942988&ns=1&abbucket=10#detail,,红红红,亿梦花园,98.00,32人收货,江苏 南通,好评率：98.27%,"80.77%,92.29%,92.40%,",淘宝c店,5钻
恒源祥羊毛被1.8m加厚保暖秋冬被子2m床纯羊毛单双人学生冬芯,https://detail.tmall.com/item.htm?id=574758060661&ns=1&abbucket=10,"天猫,",黄红红,恒源祥脸谱专卖店,198.00,32人收货,,,"0.00%,3.50%,2.00%,",天猫店,
雅芳婷家纺加厚保暖抗菌羊毛复合冬被 被子被芯冬天棉床上用品,https://detail.tmall.com/item.htm?id=522668713917&ns=1&abbucket=10,"天猫,",红红红,雅芳婷旗舰店,659.00,31人收货,广东 惠州,,"32.77%,22.17%,25.32%,",天猫店,
Tontine澳洲羊毛被冬被澳大利亚进口加厚保暖被芯双人全纯棉子,https://detail.tmall.com/item.htm?id=575338140490&ns=1&abbucket=10,"天猫,",红红红,tontine旗舰店,999.00,30人收货,上海,,"100.00%,86.30%,86.42%,",天猫店,
玖丝纯100%绵羊绒被子秋冬被加厚保暖纯羊毛被芯全棉单双人澳毛,https://item.taobao.com/item.htm?id=577573579879&ns=1&abbucket=10#detail,"公益宝贝,",红红红,清河冰少,285.00,30人收货,河北 邢台,好评率：98.20%,"71.17%,65.32%,65.83%,",淘宝c店,4钻
正品100%纯驼绒被子冬被驼毛被加厚冬被被子羊绒被芯单双人定做,https://item.taobao.com/item.htm?id=20375200787&ns=1&abbucket=10#detail,"金牌卖家,15天退换,",红红红,环宇羊绒被871,445.50,30人收货,河北 邢台,好评率：99.41%,"52.84%,64.55%,58.08%,",淘宝c店,3钻
时尚羊毛被子冬被1.5米被子1.8米加厚保暖双人被芯儿童单人宿舍,https://item.taobao.com/item.htm?id=577726357967&ns=1&abbucket=10#detail,"金牌卖家,",红红红,杨凡1207,518.00,29人收货,江苏 南通,好评率：100.00%,"99.25%,99.10%,96.45%,",淘宝c店,2钻
罗莱家纺羊毛被冬天床上用品100%羊毛被子被芯保暖加厚单双人,https://detail.tmall.com/item.htm?id=558259227467&ns=1&abbucket=10,"天猫,",红红红,罗莱官方旗舰店,769.00,29人收货,江苏 南通,,"3.37%,8.65%,13.93%,",天猫店,
羊毛被100%澳洲纯羊毛驼毛加厚保暖单双人纯棉羊绒春秋冬子,https://item.taobao.com/item.htm?id=577559953342&ns=1&abbucket=10#detail,,红红红,蓝之梦时尚家纺,68.00,29人收货,江苏 南通,好评率：97.54%,"14.67%,19.31%,29.70%,",淘宝c店,3冠
恒源祥澳洲100%纯羊毛被冬被加厚8斤9斤保暖冬天棉春秋芯子,https://detail.tmall.com/item.htm?id=540685911694&ns=1&abbucket=10,"天猫,",黄红红,恒源祥凡士专卖店,199.00,29人收货,,,"0.00%,4.46%,8.54%,",天猫店,
远梦羊毛被 澳洲羊毛双层芯被加厚保暖双层锁温棉被纯色静音冬,https://item.taobao.com/item.htm?id=559925127964&ns=1&abbucket=10#detail,"金牌卖家,公益宝贝,",红红红,91木子林夕,259.00,28人收货,广东 东莞,好评率：99.84%,"44.21%,48.66%,39.78%,",淘宝c店,4钻
恒源祥全棉羊毛被纯羊毛被子9斤纯棉冬被保暖加厚澳秋冬芯,https://detail.tmall.com/item.htm?id=536080923720&ns=1&abbucket=10,"天猫,公益宝贝,",黄红红,恒源祥和气致祥专卖店,298.00,28人收货,,,"0.00%,7.53%,11.01%,",天猫店,
被子被芯冬被加厚保暖单人双人宿舍棉被褥澳洲绵羊毛子,https://item.taobao.com/item.htm?id=564533562706&ns=1&abbucket=10#detail,,蓝黄红,cdodo11,329.00,28人收货,浙江 宁波,好评率：96.80%,"0.64%,0.00%,14.22%,",淘宝c店,5钻
新西兰moemoe羊毛被子100%纯羊毛绒保暖加厚冬双人春秋羊绒芯,https://item.taobao.com/item.htm?id=577281277351&ns=1&abbucket=10#detail,"15天退换,公益宝贝,",红红红,sywwgg,999.00,28人收货,江苏 无锡,好评率：99.69%,"100.00%,100.00%,100.00%,",淘宝c店,4钻
恒源祥澳洲100%纯羊毛被冬被冬季被子被芯6斤9斤加厚保暖春秋心,https://detail.tmall.com/item.htm?id=558098828419&ns=1&abbucket=10,"天猫,",红红红,恒源祥锦昌专卖店,229.00,27人收货,,,"9.99%,22.15%,27.93%,",天猫店,
2018韩式风新款秋冬保暖被羊毛被保暖被双人冬被,https://item.taobao.com/item.htm?id=577148635980&ns=1&abbucket=10#detail,"金牌卖家,",蓝蓝黄,shijianhuaa,149.00,27人收货,江苏 南通,好评率：99.14%,"1.27%,0.77%,0.00%,",淘宝c店,1冠
博洋家纺 澳洲进口100%羊毛被子冬被保暖加厚全棉芯单双人秋冬,https://detail.tmall.com/item.htm?id=558584594614&ns=1&abbucket=10,"天猫,",黄红红,博洋家纺旗舰店,799.00,27人收货,浙江 宁波,,"0.00%,18.25%,25.06%,",天猫店,
水漾纯羊毛被 保暖加厚秋冬被芯 单双人保暖被子棉被澳洲双人芯,https://detail.tmall.com/item.htm?id=521449796620&ns=1&abbucket=10,"天猫,",红红红,水漾家纺旗舰店,119.00,27人收货,江苏 南通,,"24.39%,45.25%,51.56%,",天猫店,
博洋家纺 羊毛被加厚保暖冬被单人学生宿舍被子双人春秋芯,https://detail.tmall.com/item.htm?id=45826924989&ns=1&abbucket=10,"天猫,",黄红红,博洋家纺旗舰店,219.00,26人收货,浙江 宁波,,"0.00%,18.25%,25.06%,",天猫店,
水星家纺100%澳洲羊毛被冬被加厚保暖双人被芯冬季被子秋冬,https://detail.tmall.com/item.htm?id=42521948007&ns=1&abbucket=10,"天猫,",黄黄红,水星旗舰店,539.00,26人收货,上海,,"0.00%,0.00%,8.26%,",天猫店,
恒源祥羊毛被100%澳洲纯羊毛被冬被春秋被加厚保暖学生单双人芯,https://item.taobao.com/item.htm?id=576961717317&ns=1&abbucket=10#detail,"15天退换,公益宝贝,",红红红,俊皓家纺88,158.00,25人收货,江苏 南通,好评率：99.50%,"91.59%,100.00%,100.00%,",淘宝c店,1钻
富安娜澳洲羊毛被子被芯春秋被保暖加厚被褥单人双人1.8m床冬厚,https://item.taobao.com/item.htm?id=571682547855&ns=1&abbucket=10#detail,"金牌卖家,",红红红,馨而乐家纺,399.00,25人收货,广东 深圳,好评率：99.47%,"1.38%,13.76%,18.52%,",企业店铺,1冠
水星家纺羊毛被冬被澳洲羊毛被加厚保暖双人被芯冬季被子戈尔兹,https://detail.tmall.com/item.htm?id=557252454299&ns=1&abbucket=10,"天猫,",黄黄红,水星旗舰店,529.00,25人收货,上海,,"0.00%,0.00%,8.26%,",天猫店,
正品恒源祥羊毛被100%澳洲纯羊毛加厚保暖单双人羊绒冬春秋子,https://item.taobao.com/item.htm?id=577126917432&ns=1&abbucket=10#detail,"15天退换,公益宝贝,",红红红,奇缘家纺98,159.00,25人收货,江苏 苏州,好评率：97.78%,"71.50%,100.00%,100.00%,",淘宝c店,2钻
羊毛被冬被100%澳洲羊绒被双人被子被芯加厚8斤驼毛礼品子,https://item.taobao.com/item.htm?id=523754504454&ns=1&abbucket=10#detail,,蓝蓝蓝,水星国际888,88.00,24人收货,江苏 南通,好评率：98.98%,"3.16%,1.70%,1.06%,",淘宝c店,1冠
南极人被子被芯空调被羊毛被棉被双人冬被太空被单人宿舍春秋褥,https://detail.tmall.com/item.htm?id=559223574281&ns=1&abbucket=10,"天猫,",黄黄红,南极人家纺旗舰店,239.00,24人收货,上海,,"0.00%,0.00%,11.97%,",天猫店,
富安娜家纺圣之花防螨澳洲进口羊毛被子冬天单双人1.8米床品芯,https://detail.tmall.com/item.htm?id=573862326401&ns=1&abbucket=10,"天猫,",黄黄红,富安娜官方旗舰店,469.00,24人收货,,,"0.00%,0.00%,7.22%,",天猫店,
恒源祥羊毛被100%澳洲纯羊毛全棉加厚保暖春秋被冬冬季芯8斤,https://item.taobao.com/item.htm?id=575076849695&ns=1&abbucket=10#detail,"15天退换,公益宝贝,",红红红,0小伟08,298.00,23人收货,上海,好评率：98.48%,"100.00%,100.00%,100.00%,",淘宝c店,2钻
罗莱家纺床上用品羊毛被子被芯加厚冬被双人1.5米保暖冬季秋冬,https://detail.tmall.com/item.htm?id=575680415632&ns=1&abbucket=10,"天猫,",红红红,罗莱官方旗舰店,1280.00,23人收货,江苏 南通,,"3.37%,8.65%,13.93%,",天猫店,
艾维家纺被子100%羊毛被秋冬被子加厚保暖冬被双人冬天棉芯,https://detail.tmall.com/item.htm?id=557253517579&ns=1&abbucket=10,"天猫,",红红红,艾维家纺旗舰店,268.00,23人收货,江苏 南通,,"38.63%,48.34%,50.60%,",天猫店,
小绵羊澳洲羊毛被子100%纯羊毛品牌冬天单人双人加厚保暖芯冬,https://detail.tmall.com/item.htm?id=556598366870&ns=1&abbucket=10,"天猫,",黄红红,小绵羊床品旗舰店,629.00,23人收货,上海,,"0.00%,14.49%,15.49%,",天猫店,
100%澳洲纯羊毛被子加厚保暖冬被纯棉被芯学生单双人婚庆春秋褥,https://item.taobao.com/item.htm?id=576754580878&ns=1&abbucket=10#detail,"15天退换,公益宝贝,",红红红,幸运星5880,58.00,22人收货,上海,好评率：98.57%,"100.00%,100.00%,18.91%,",淘宝c店,4钻
羊羔绒毛绒被芯春秋被加厚单双人冬季法兰绒毛毯冬羊绒子,https://item.taobao.com/item.htm?id=558064601590&ns=1&abbucket=10#detail,,红红红,xue2he,66.00,22人收货,江苏 南通,好评率：98.71%,"27.42%,30.16%,48.39%,",淘宝c店,5钻
驼毛被子冬被芯加厚保暖羽丝绒棉被心单双人正品羊毛冬季驼绒,https://item.taobao.com/item.htm?id=525572356070&ns=1&abbucket=10#detail,"15天退换,",红红红,fyafei,168.00,21人收货,上海,好评率：99.83%,"59.78%,63.72%,52.33%,",淘宝c店,1冠
淘宝心选100%澳洲抗菌60支纯棉提花纯细羊毛被,https://detail.tmall.com/item.htm?id=568379020271&ns=1&abbucket=10,"icon-fest-taobaoxinxuan,天猫直送,",红红红,淘宝心选,499.90,21人收货,浙江 嘉兴,,"18.92%,24.89%,30.41%,",天猫店,
恒源祥羊毛被100%纯羊毛冬被加厚保暖正品全棉春秋澳洲羊绒子,https://item.taobao.com/item.htm?id=576835089100&ns=1&abbucket=10#detail,"公益宝贝,",蓝蓝蓝,乐淘财8888,108.00,21人收货,上海,好评率：99.63%,"1.15%,1.82%,1.77%,",淘宝c店,1钻
正品100%纯驼绒被子冬被驼毛被加厚冬被被子羊绒被芯单双人定做,https://item.taobao.com/item.htm?id=577337805536&ns=1&abbucket=10#detail,"公益宝贝,",红红红,清河冰少,320.00,21人收货,河北 邢台,好评率：98.20%,"71.17%,65.32%,65.83%,",淘宝c店,4钻
罗莱家纺100%羊毛冬被子被芯单双人保暖W暖绒羊毛Ⅱ 淘,https://detail.tmall.com/item.htm?id=538253432171&ns=1&abbucket=10,"天猫,",红红红,罗莱官方旗舰店,899.00,21人收货,江苏 南通,,"3.37%,8.65%,13.93%,",天猫店,
炫耀水星家纺全棉加厚羊毛被正品100%纯羊毛冬被芯子母保暖褥,https://item.taobao.com/item.htm?id=556390327753&ns=1&abbucket=10#detail,"金牌卖家,",红红红,小而美家纺馆,260.00,21人收货,江苏 南通,好评率：99.78%,"94.88%,96.48%,94.80%,",淘宝c店,3钻
多喜爱秋冬新品羊毛被磨毛冬被双人被子尼克蓄胆多层【J】,https://detail.tmall.com/item.htm?id=575947634437&ns=1&abbucket=10,"天猫,",黄红红,多喜爱旗舰店,798.00,21人收货,上海,,"0.00%,2.79%,17.10%,",天猫店,
莱恩斯克澳洲纯羊毛被子被芯加厚保暖冬被棉被单人褥双人春秋,https://detail.tmall.com/item.htm?id=577458160041&ns=1&abbucket=10,"天猫,",黄红红,莱恩斯克旗舰店,139.00,21人收货,江苏 南通,,"0.00%,10.00%,22.29%,",天猫店,
恋人水星羊毛被100%纯羊绒冬被加厚保暖秋冬季6/8/10斤单双人芯,https://item.taobao.com/item.htm?id=577405245257&ns=1&abbucket=10#detail,"公益宝贝,",蓝蓝蓝,浩然家纺1999,178.00,20人收货,江苏 南通,好评率：95.28%,"3.75%,2.95%,2.74%,",淘宝c店,4钻
北极绒100%澳洲纯羊毛冬被被芯加厚保暖冬天6斤被子双人春秋褥,https://detail.tmall.com/item.htm?id=559352842933&ns=1&abbucket=10,"天猫,",黄黄黄,北极绒家纺旗舰店,169.00,20人收货,上海,,"0.00%,0.00%,0.00%,",天猫店,
恒源祥羊毛被100%纯羊毛羊绒被芯澳洲冬被全棉春秋单双人加厚保暖,https://item.taobao.com/item.htm?id=566142921342&ns=1&abbucket=10#detail,"15天退换,公益宝贝,",红红红,精品床上用品大卖场,88.00,20人收货,,好评率：99.09%,"76.67%,62.59%,63.14%,",淘宝c店,4心
羊毛被100%澳洲纯羊毛加厚保暖单双人纯棉羊绒被春秋冬包邮,https://item.taobao.com/item.htm?id=577376067041&ns=1&abbucket=10#detail,,红红红,yzhmao,1180.00,20人收货,江苏 南通,好评率：96.27%,"84.92%,81.86%,82.12%,",淘宝c店,2冠
唯有100%羊毛被冬被芯双人加厚保暖单人棉被宿舍学生,https://detail.tmall.com/item.htm?id=575699715543&ns=1&abbucket=10,"天猫,",红红红,唯有家纺旗舰店,199.00,19人收货,江苏 南通,,"84.46%,64.13%,88.15%,",天猫店,
水星家纺 细羊毛被冬被加厚保暖双人被子1.8米床被芯 新臻品,https://detail.tmall.com/item.htm?id=521037552664&ns=1&abbucket=10,"天猫,",黄黄红,水星旗舰店,449.00,19人收货,上海,,"0.00%,0.00%,8.26%,",天猫店,
恒源祥澳洲羊毛被全棉被羊绒被子加厚冬被单双人子母褥芯冬季,https://detail.tmall.com/item.htm?id=557035813880&ns=1&abbucket=10,"天猫,",黄黄红,恒源祥雅乐专卖店,229.00,19人收货,,,"0.00%,0.00%,9.73%,",天猫店,
定制澳毛纯羊毛被加厚被子保暖被芯双人羊绒被单人正品春秋冬褥,https://item.taobao.com/item.htm?id=576187643598&ns=1&abbucket=10#detail,"公益宝贝,",红红红,清河县容舍家纺有限公司,239.00,19人收货,,好评率：100.00%,"100.00%,83.76%,84.00%,",企业店铺,2心
高端大豆纤维冬被棉被芯加厚保暖8斤全棉羊绒质感S+云春秋正品,https://item.taobao.com/item.htm?id=575911966962&ns=1&abbucket=10#detail,"icon-service-jiyoujia,金牌卖家,15天退换,公益宝贝,",红红红,zzqixiu,392.70,19人收货,江苏 南通,好评率：99.54%,"50.12%,59.20%,58.86%,",企业店铺,1冠
水星家纺 蚕丝羊毛二合一被秋冬子母被芯单双人全棉冬被加厚保暖,https://detail.tmall.com/item.htm?id=576010859895&ns=1&abbucket=10,"天猫,",黄黄红,水星旗舰店,1199.00,19人收货,上海,,"0.00%,0.00%,8.26%,",天猫店,
无印良品珍品羊毛被 秋冬被 适合南方 双人被,https://detail.tmall.com/item.htm?id=562931836893&ns=1&abbucket=10,"天猫,",蓝黄红,无印良品旗舰店,769.00,18人收货,北京,,"0.78%,0.00%,10.82%,",天猫店,
100%澳洲纯羊毛被加厚双人羊绒被芯婚庆大红被子保暖冬棉芯,https://item.taobao.com/item.htm?id=563533011230&ns=1&abbucket=10#detail,,红红红,爱琪一被子,58.00,18人收货,江苏 南通,好评率：99.14%,"19.35%,27.25%,37.01%,",淘宝c店,3钻
恒源祥家纺 加厚羊毛被冬被芯单人学生宿舍被子 春秋双人保暖芯,https://detail.tmall.com/item.htm?id=540677214145&ns=1&abbucket=10,"天猫,",黄红红,恒源祥海洋时代专卖店,239.00,18人收货,,,"0.00%,0.84%,8.16%,",天猫店,
雅兰家纺羊毛被1.5米被子加厚保暖不钻绒冬厚被芯1.8米芯,https://detail.tmall.com/item.htm?id=537322713766&ns=1&abbucket=10,"天猫,",黄红红,雅兰家纺旗舰店,199.00,18人收货,广东 惠州,,"0.00%,19.35%,26.41%,",天猫店,
水星家纺珍藏澳洲羊毛春秋被进口保暖双人被芯秋冬加厚被子,https://detail.tmall.com/item.htm?id=540406507957&ns=1&abbucket=10,"天猫,",黄黄红,水星旗舰店,469.00,18人收货,上海,,"0.00%,0.00%,8.26%,",天猫店,
100%澳洲纯羊毛被加厚保暖冬被单人双人春秋被芯驼毛子8/10斤,https://item.taobao.com/item.htm?id=577101961056&ns=1&abbucket=10#detail,"公益宝贝,",红红红,爱家家居生活馆,55.00,18人收货,江苏 南通,好评率：98.77%,"3.23%,6.89%,31.19%,",淘宝c店,1钻
金美润家纺羊毛被纯羊毛冬被加厚保暖冬季被芯单人子春秋特价,https://item.taobao.com/item.htm?id=573937191330&ns=1&abbucket=10#detail,"金牌卖家,",红红红,哎喔家居馆98,168.00,18人收货,江苏 南通,好评率：99.53%,"43.58%,47.02%,52.52%,",淘宝c店,2冠
艾维家纺100%羊毛被冬被全棉加厚保暖冬被被芯 双人棉子,https://detail.tmall.com/item.htm?id=19505810505&ns=1&abbucket=10,"天猫,",红红红,艾维家纺旗舰店,329.00,17人收货,江苏 南通,,"38.63%,48.34%,50.60%,",天猫店,
羊毛被 100%纯羊毛被芯 驼绒被子纯棉冬天被子加厚保暖单人宿舍,https://item.taobao.com/item.htm?id=576400532663&ns=1&abbucket=10#detail,,蓝蓝红,信誉家居家纺店,58.00,17人收货,江苏 南通,好评率：97.37%,"2.45%,0.52%,24.02%,",淘宝c店,4心
南极人新西兰纯羊毛被子冬被加厚保暖棉被双人春秋芯褥空调,https://detail.tmall.com/item.htm?id=577243947738&ns=1&abbucket=10,"天猫,",黄红红,南极人伴伴专卖店,148.00,17人收货,上海,,"0.00%,6.87%,16.89%,",天猫店,
水星家纺 欧洲羊毛二合一被加厚冬天被芯保暖子母被子新冬厚2代,https://detail.tmall.com/item.htm?id=576074831940&ns=1&abbucket=10,"天猫,",黄黄红,水星旗舰店,559.00,17人收货,上海,,"0.00%,0.00%,8.26%,",天猫店,
澳洲羊毛被子冬被加厚双人被子春秋被芯单人纯羊毛太空8斤6棉,https://item.taobao.com/item.htm?id=577473980453&ns=1&abbucket=10#detail,,红红红,dhw8193,128.00,16人收货,上海,好评率：99.36%,"57.26%,69.34%,75.12%,",淘宝c店,5钻
Goldclip澳洲羊毛被春秋被双人被纯羊毛进口秋冬被被芯四季冬,https://detail.tmall.com/item.htm?id=568529232267&ns=1&abbucket=10,"天猫guoji,",红红红,goldclip海外旗舰店,2299.00,16人收货,,,"83.87%,81.39%,66.51%,",天猫店,
多喜爱家纺加厚羊毛被暖羊澳洲羊毛双人被芯全棉保暖秋冬子,https://detail.tmall.com/item.htm?id=40854668586&ns=1&abbucket=10,"天猫,",黄红红,多喜爱旗舰店,449.00,16人收货,上海,,"0.00%,2.79%,17.10%,",天猫店,
100%纯澳洲羊毛冬季保暖床上用品纯棉冬被芯单双人床上用品春秋,https://item.taobao.com/item.htm?id=576559954208&ns=1&abbucket=10#detail,,红红红,诗润姿家纺,358.00,16人收货,江苏 南通,好评率：98.50%,"73.01%,67.53%,68.01%,",淘宝c店,4钻
加厚保暖澳洲纯羊毛被冬被双人棉被秋冬季被子学生单双人芯特价,https://item.taobao.com/item.htm?id=524403631267&ns=1&abbucket=10#detail,"金牌卖家,",红红红,恋梦家纺89,99.00,16人收货,江苏 南通,好评率：99.08%,"46.24%,48.01%,50.09%,",淘宝c店,2冠
正品富安娜蚕丝被子母被二合一羊毛被芯单人双人全棉冬加厚保暖,https://item.taobao.com/item.htm?id=540117518593&ns=1&abbucket=10#detail,"15天退换,公益宝贝,",红红红,直销平价商城,449.00,16人收货,广东 深圳,好评率：99.53%,"44.14%,52.69%,57.08%,",淘宝c店,2冠
百富帝羊毛被2米加厚冬被保暖被子被芯人双人棉被,https://detail.tmall.com/item.htm?id=523051297142&ns=1&abbucket=10,"天猫,天猫直送,",红红红,天猫超市,259.00,16人收货,上海,,"38.85%,31.60%,36.05%,",天猫店,
恒源祥家纺 秋冬季加厚被子纯羊毛被春秋被被芯棉被保暖加厚冬,https://detail.tmall.com/item.htm?id=521098764128&ns=1&abbucket=10,"天猫,",黄红红,恒源祥家纺官方旗舰店,378.00,16人收货,上海,,"0.00%,12.49%,13.70%,",天猫店,
富安娜床上用品羊毛被 保暖被芯被子春秋被芯澳洲羊毛春秋,https://detail.tmall.com/item.htm?id=521510621670&ns=1&abbucket=10,"天猫,",黄黄红,富安娜官方旗舰店,499.00,16人收货,,,"0.00%,0.00%,7.22%,",天猫店,
远梦被子冬被澳洲羊毛暖冬被冬季加厚被芯保暖2米子棉,https://detail.tmall.com/item.htm?id=560695603724&ns=1&abbucket=10,"天猫,",蓝黄黄,远梦家居旗舰店,179.00,15人收货,广东 东莞,,"0.55%,0.00%,0.00%,",天猫店,
博洋家纺 被子冬被双人加厚保暖羊毛纤维二合一子母芯单人子,https://detail.tmall.com/item.htm?id=557456029423&ns=1&abbucket=10,"天猫,",黄红红,博洋家纺旗舰店,559.00,15人收货,浙江 宁波,,"0.00%,18.25%,25.06%,",天猫店,
恒源祥家纺 云丝被负离子羊毛被春秋被褥被芯加厚保暖冬季子1.8,https://detail.tmall.com/item.htm?id=16096364743&ns=1&abbucket=10,"天猫,",黄红红,合肥梦之家家居专营店,149.00,15人收货,,,"0.00%,17.34%,11.28%,",天猫店,
致臻水星家纺100%加厚纯羊毛被2018冬季羊毛被礼品春秋冬,https://item.taobao.com/item.htm?id=576593461524&ns=1&abbucket=10#detail,,红红红,和睦家纺2020,58.00,15人收货,江苏 南通,好评率：92.85%,"53.34%,100.00%,100.00%,",淘宝c店,3钻
花花公子澳洲100%羊毛被冬被加厚春秋被芯冬季被子双人6斤棉8斤,https://detail.tmall.com/item.htm?id=558324052120&ns=1&abbucket=10,"天猫,",蓝蓝蓝,西尚屋语官方旗舰店,228.00,15人收货,上海,,"0.75%,0.71%,0.61%,",天猫店,
富安娜澳洲羊毛被春秋被羊毛羊绒双人被芯驼毛被暖芯芯冬清仓,https://item.taobao.com/item.htm?id=565632919931&ns=1&abbucket=10#detail,"金牌卖家,公益宝贝,",蓝红红,富安娜艺术家纺直营店,339.00,14人收货,,好评率：99.03%,"0.59%,8.20%,7.99%,",企业店铺,1冠
GOLDCLIP澳洲羊毛被双人被纯羊毛澳大利亚秋冬被懒人进口冬,https://detail.tmall.com/item.htm?id=568530424450&ns=1&abbucket=10,"天猫guoji,",红红红,goldclip海外旗舰店,2599.00,14人收货,,,"83.87%,81.39%,66.51%,",天猫店,
Iloves澳洲羊毛被 加厚保暖被子棉被芯 冬被双人被褥单人学生宿舍,https://detail.tmall.com/item.htm?id=574845572099&ns=1&abbucket=10,"天猫,",黄红红,iloves家纺旗舰店,99.00,14人收货,江苏 南通,,"0.00%,9.38%,13.63%,",天猫店,
Minijumbuk澳洲进口高级羊毛被子3层双人被芯春秋四季空调冬,https://detail.tmall.com/item.htm?id=535944391774&ns=1&abbucket=10,"天猫guoji,",红红红,minijumbuk海外旗舰店,1499.00,14人收货,,,"61.93%,70.71%,68.37%,",天猫店,
羊毛被 冬被100%纯羊绒被加厚春秋被宿舍单人保暖 学生驼毛子,https://item.taobao.com/item.htm?id=576841837763&ns=1&abbucket=10#detail,,红红红,他她爱家居用品,76.00,14人收货,江苏 南通,好评率：100.00%,"1.37%,28.83%,29.87%,",淘宝c店,4心
羊毛被100%纯羊毛驼毛被加厚保暖冬被8斤10斤春秋羊绒子母,https://item.taobao.com/item.htm?id=575827272268&ns=1&abbucket=10#detail,,蓝蓝黄,朵尚纺织品,49.00,14人收货,江苏 南通,好评率：99.34%,"1.50%,1.14%,0.00%,",企业店铺,4钻
日本NITORI尼达利 羊毛被子被芯 保暖单双人羊绒春秋被被芯子,https://detail.tmall.com/item.htm?id=525028073663&ns=1&abbucket=10,"天猫,",红红红,nitori官方旗舰店,249.00,14人收货,江苏 苏州,,"11.56%,28.75%,19.70%,",天猫店,
唯有羊绒被加厚保暖双人澳洲羊毛被单人全棉被芯冬季,https://detail.tmall.com/item.htm?id=549311382032&ns=1&abbucket=10,"天猫,",红红红,唯有家纺旗舰店,1088.00,14人收货,江苏 南通,,"84.46%,64.13%,88.15%,",天猫店,
富安娜家纺羊毛被单人加厚被芯双人保暖被子被褥爱丽丝冬厚,https://detail.tmall.com/item.htm?id=558220214900&ns=1&abbucket=10,"天猫,",黄黄红,富安娜官方旗舰店,499.00,14人收货,,,"0.00%,0.00%,7.22%,",天猫店,
小绵羊磨毛100%新西兰纯羊毛冬被冬天被子被芯单双人床褥加厚保暖,https://detail.tmall.com/item.htm?id=537873962392&ns=1&abbucket=10,"天猫,",黄红红,小绵羊床品旗舰店,389.00,14人收货,上海,,"0.00%,14.49%,15.49%,",天猫店,
10斤加厚纯羊毛被100%澳洲羊毛被子保暖冬被单人棉双人春秋芯,https://detail.tmall.com/item.htm?id=572964135220&ns=1&abbucket=10,"天猫,公益宝贝,",红红红,诗润姿家纺旗舰店,398.00,14人收货,,,"80.82%,66.28%,66.56%,",天猫店,
堂皇家纺全棉加厚保暖冬天被芯被子双人春秋被冬被倍澳羊毛,https://detail.tmall.com/item.htm?id=574764909228&ns=1&abbucket=10,"天猫,",红红红,堂皇旗舰店,299.00,14人收货,江苏 镇江,,"34.99%,44.03%,43.43%,",天猫店,
唯有澳洲羊毛被加厚保暖单人冬被羊绒被芯学生全棉双人,https://detail.tmall.com/item.htm?id=35909876549&ns=1&abbucket=10,"天猫,",红红红,唯有家纺旗舰店,798.00,13人收货,江苏 南通,,"84.46%,64.13%,88.15%,",天猫店,
正品恒源祥羊毛被100%纯羊毛冬被加厚保暖被芯单双人春秋学生子,https://item.taobao.com/item.htm?id=577998974635&ns=1&abbucket=10#detail,,蓝蓝蓝,程娅明99,65.00,13人收货,上海,好评率：95.94%,"5.80%,8.62%,6.39%,",淘宝c店,1钻
Lehome/乐加羊毛被冬被加厚秋冬被子保暖冬天棉被冬季单双人芯,https://detail.tmall.com/item.htm?id=560278326476&ns=1&abbucket=10,"天猫,",红红红,lehome旗舰店,289.00,13人收货,浙江 宁波,,"14.92%,38.70%,41.28%,",天猫店,
罗莱家纺双人 加厚被心被子被芯冬被保暖1.8米床冬季,https://detail.tmall.com/item.htm?id=558763428266&ns=1&abbucket=10,"天猫,",红红红,罗莱官方旗舰店,699.00,13人收货,江苏 南通,,"3.37%,8.65%,13.93%,",天猫店,
恒源祥100%纯羊毛被加厚保暖被芯春秋被子冬被双人单人棉褥子,https://detail.tmall.com/item.htm?id=536805414891&ns=1&abbucket=10,"天猫,",黄红红,恒源祥恒瑞祥泰专卖店,246.00,12人收货,,,"0.00%,14.54%,23.94%,",天猫店,
小绵羊澳洲100%纯羊毛被被春秋冬季被子被芯加厚保暖单双人羊绒,https://detail.tmall.com/item.htm?id=575275931224&ns=1&abbucket=10,"天猫,",蓝蓝蓝,小绵羊锐洁专卖店,199.00,12人收货,上海,,"1.69%,1.25%,1.34%,",天猫店,
博洋家纺新西兰进口羊毛被子礼品冬被冬季8斤加厚保暖纯,https://detail.tmall.com/item.htm?id=564100997349&ns=1&abbucket=10,"天猫,",黄红红,博洋家纺旗舰店,1099.00,12人收货,浙江 宁波,,"0.00%,18.25%,25.06%,",天猫店,
梦洁家纺羊毛被春秋被子冬被加厚单人双人冬天保暖芯暖馨厚,https://detail.tmall.com/item.htm?id=575544345692&ns=1&abbucket=10,"天猫,",红红红,梦洁旗舰店,259.00,12人收货,湖南 长沙,,"3.21%,26.95%,33.87%,",天猫店,
恒源祥家纺 羊毛被芯加厚保暖冬被单人被子被芯双人春秋冬季,https://detail.tmall.com/item.htm?id=38564247394&ns=1&abbucket=10,"天猫,",黄红红,恒源祥家纺官方旗舰店,278.00,12人收货,上海,,"0.00%,12.49%,13.70%,",天猫店,
羊毛被100%澳洲纯羊毛被子单人双人春秋被芯加厚保暖冬学生褥子,https://item.taobao.com/item.htm?id=575984125288&ns=1&abbucket=10#detail,,红红红,郭飞飞2377,99.00,12人收货,江苏 南通,好评率：97.63%,"55.23%,58.39%,66.23%,",淘宝c店,3钻
水星家纺羊毛被芯冬季全棉被子冬被加厚保暖单双人学生宿舍褥,https://detail.tmall.com/item.htm?id=528337601789&ns=1&abbucket=10,"天猫,",黄黄红,水星家纺品牌专卖店,379.00,12人收货,上海,,"0.00%,0.00%,8.03%,",天猫店,
恒源祥家纺羊毛被春秋被子秋冬被单双人冬季保暖加厚芯床上用品,https://detail.tmall.com/item.htm?id=41555483319&ns=1&abbucket=10,"天猫,",黄红红,恒源祥家纺官方旗舰店,298.00,12人收货,上海,,"0.00%,12.49%,13.70%,",天猫店,
恒源祥新西兰羊毛被加厚保暖冬被100%羊毛春秋被子芯双人空调,https://detail.tmall.com/item.htm?id=559686001993&ns=1&abbucket=10,"天猫,",黄红红,恒源祥海洋时代专卖店,635.00,12人收货,,,"0.00%,0.84%,8.16%,",天猫店,
澳洲冬季羊毛被8斤冬被加厚保暖被子被芯空调被单人双人褥春秋,https://detail.tmall.com/item.htm?id=43053908495&ns=1&abbucket=10,"天猫,",黄红红,妮菲家纺专营店,94.00,12人收货,江苏 南通,,"0.00%,23.59%,27.55%,",天猫店,
远梦澳洲羊毛双层芯锁温被单双人加厚保暖柔软冬被芯冬季子,https://item.taobao.com/item.htm?id=558050486245&ns=1&abbucket=10#detail,"icon-service-jiyoujia,金牌卖家,15天退换,",红红红,red_digital,239.00,12人收货,广东 东莞,好评率：99.50%,"10.80%,13.75%,4.39%,",淘宝c店,2冠
水星家纺 澳洲100%羊毛抗菌冬被 加厚保暖冬天被子被芯典雅,https://detail.tmall.com/item.htm?id=575861033664&ns=1&abbucket=10,"天猫,",黄黄红,水星旗舰店,499.00,12人收货,上海,,"0.00%,0.00%,8.26%,",天猫店,
【STACEY】100%纯纯纯羊毛被子被芯厚被羊毛冬被 不参假 现货,https://item.taobao.com/item.htm?id=559060244004&ns=1&abbucket=10#detail,"icon-service-jiyoujia,金牌卖家,15天退换,",红红红,stacey的家,258.00,12人收货,北京,好评率：99.73%,"35.71%,39.34%,32.35%,",淘宝c店,1冠
富安娜家纺馨而乐澳洲进口羊毛保暖加厚冬天被芯被子双人1.8床品,https://detail.tmall.com/item.htm?id=539611513481&ns=1&abbucket=10,"天猫,",黄黄红,富安娜官方旗舰店,499.00,12人收货,,,"0.00%,0.00%,7.22%,",天猫店,
小绵羊澳洲羊毛被100%纯羊毛被子单双人全棉被芯加厚保暖春秋冬,https://detail.tmall.com/item.htm?id=575175866185&ns=1&abbucket=10,"天猫,",蓝蓝蓝,小绵羊锐洁专卖店,319.00,11人收货,上海,,"1.69%,1.25%,1.34%,",天猫店,
加厚保暖羊羔绒冬被太空被秋冬单双人羊毛被子学生棉絮芯棉褥,https://item.taobao.com/item.htm?id=525974819256&ns=1&abbucket=10#detail,,黄蓝红,遇见沙沙,49.00,11人收货,北京,好评率：98.30%,"0.00%,0.92%,0.90%,",淘宝c店,4钻
进口纯羊毛被100%纯羊毛 冬被芯加厚保暖双人单人被褥子8/10斤,https://item.taobao.com/item.htm?id=576582160756&ns=1&abbucket=10#detail,"15天退换,",红红蓝,中国时尚领跑者,268.00,11人收货,江苏 南通,好评率：99.54%,"100.00%,100.00%,2.24%,",淘宝c店,5心
恒源祥羊毛被100%纯羊毛春秋被冬被单双人被6/8斤保暖加厚褥,https://item.taobao.com/item.htm?id=576233700863&ns=1&abbucket=10#detail,"15天退换,公益宝贝,",红红红,wangxiruo105,88.00,11人收货,江苏 南通,好评率：100.00%,"100.00%,100.00%,44.74%,",淘宝c店,1钻
MiniJumbuk澳洲进口优质高端羊毛被子4层秋冬被芯加厚保暖透气,https://detail.tmall.com/item.htm?id=536046049378&ns=1&abbucket=10,"天猫guoji,",红红红,minijumbuk海外旗舰店,1999.00,11人收货,,,"61.93%,70.71%,68.37%,",天猫店,
羊羔绒冬被双人加厚被芯学生单人双面羊毛绒纤维棉冬天保暖子,https://item.taobao.com/item.htm?id=569511142167&ns=1&abbucket=10#detail,,蓝蓝蓝,我是小行家啦啦啦111,39.00,11人收货,,好评率：98.23%,"4.51%,4.40%,3.31%,",淘宝c店,5钻
澳洲冬季保暖正品羊毛被加厚羊毛冬被单双人冬天被子春秋棉芯,https://item.taobao.com/item.htm?id=558271381547&ns=1&abbucket=10#detail,"金牌卖家,",红红红,相爱壹被子,116.00,11人收货,江苏 南通,好评率：97.84%,"17.37%,27.71%,25.27%,",淘宝c店,3冠
雅兰家纺100%纯羊毛被冬被全棉1.8米床加厚保暖被子1.5m床芯,https://detail.tmall.com/item.htm?id=576737792942&ns=1&abbucket=10,"天猫,",黄红红,雅兰家纺旗舰店,469.00,11人收货,广东 惠州,,"0.00%,19.35%,26.41%,",天猫店,
富安娜馨而乐澳洲春秋混合羊毛被1.8m双人保暖被芯加厚子冬,https://detail.tmall.com/item.htm?id=539887115446&ns=1&abbucket=10,"天猫,",黄红红,富安娜艺术生活馆,598.00,11人收货,,,"0.00%,0.72%,7.00%,",天猫店,
水星家纺羊毛柔丝二合一被子加厚子母被芯冬季保暖羊绒被子,https://detail.tmall.com/item.htm?id=36155436093&ns=1&abbucket=10,"天猫,",黄黄红,水星家纺品牌专卖店,499.00,11人收货,上海,,"0.00%,0.00%,8.03%,",天猫店,
刚刚家9.15 柔软羊毛被 200X230cm 条形码76010289 包邮,https://item.taobao.com/item.htm?id=577238656483&ns=1&abbucket=10#detail,"金牌卖家,",红红红,刚刚的小店,99.00,11人收货,江苏 苏州,好评率：99.91%,"51.47%,49.86%,46.57%,",淘宝c店,2冠
恒源祥羊毛被100%纯澳洲羊毛纯棉加厚保暖羊绒被子单双人春秋冬,https://item.taobao.com/item.htm?id=577231103336&ns=1&abbucket=10#detail,"公益宝贝,",红红红,南通国际家纺城一号店,165.60,11人收货,,好评率：100.00%,"100.00%,100.00%,100.00%,",淘宝c店,1钻
红豆家纺 羊毛被纯羊毛冬被加厚保暖单人被子双人春秋芯正品,https://detail.tmall.com/item.htm?id=557419016589&ns=1&abbucket=10,"天猫,",蓝黄蓝,红豆家纺官方旗舰店,219.00,11人收货,,,"0.83%,0.00%,0.61%,",天猫店,
正品100%纯羊毛被春秋冬被芯加厚保暖羊毛被子单人双人子母,https://item.taobao.com/item.htm?id=564851948556&ns=1&abbucket=10#detail,"金牌卖家,15天退换,",红红红,如意家纺1989,68.00,11人收货,上海,好评率：99.18%,"33.25%,43.05%,49.97%,",淘宝c店,3钻
水星家纺羊毛被抗菌澳洲羊毛被纯羊毛冬被加厚保暖冬季进口芯,https://detail.tmall.com/item.htm?id=574476476469&ns=1&abbucket=10,"天猫,天猫直送,",红红红,天猫超市,1019.00,11人收货,上海,,"38.85%,31.60%,36.05%,",天猫店,
10斤羊羔毛被子仿羊绒被芯冬季加厚加大棉被单双人保暖羊羔绒冬,https://item.taobao.com/item.htm?id=575284888120&ns=1&abbucket=10#detail,,红红红,石兴华2014,109.00,11人收货,江苏 南通,好评率：96.93%,"5.52%,4.44%,3.30%,",淘宝c店,4钻
罗莱家纺羊毛被纯羊毛冬被加厚保暖冬季被芯1.8米床单人双人子,https://detail.tmall.com/item.htm?id=576381181646&ns=1&abbucket=10,"天猫,",红红红,罗莱官方旗舰店,999.00,11人收货,江苏 南通,,"3.37%,8.65%,13.93%,",天猫店,
无印良品珍品羊毛被 秋冬被 适合北方双人被,https://detail.tmall.com/item.htm?id=563175871106&ns=1&abbucket=10,"天猫,",蓝黄红,无印良品旗舰店,559.00,11人收货,北京,,"0.78%,0.00%,10.82%,",天猫店,
羊毛被被子100%纯羊毛单双人冬被春秋被加厚保暖冬季学生宿舍芯,https://item.taobao.com/item.htm?id=577957548017&ns=1&abbucket=10#detail,"公益宝贝,",红红红,恋爱家纺88800,80.00,11人收货,江苏 南通,好评率：99.31%,"100.00%,100.00%,100.00%,",企业店铺,4钻
恒源祥羊毛被冬被芯加厚保暖100%澳洲纯羊毛被子双人纯羊绒春秋,https://item.taobao.com/item.htm?id=576991908460&ns=1&abbucket=10#detail,,红红红,黄金屋家纺,123.00,10人收货,上海,好评率：99.70%,"100.00%,100.00%,100.00%,",淘宝c店,1钻
富安娜蚕丝羊毛二合一被子纯棉全棉面料春秋被冬厚芯子母,https://detail.tmall.com/item.htm?id=521172851112&ns=1&abbucket=10,"天猫,",黄红红,富安娜艺术生活馆,999.00,10人收货,,,"0.00%,0.72%,7.00%,",天猫店,
恒发家纺 雅逸纯棉羊毛被芯被子冬被学生加厚保暖单人双人春秋,https://item.taobao.com/item.htm?id=40460231362&ns=1&abbucket=10#detail,"15天退换,",红红红,晓杰静娜,189.00,10人收货,广东 深圳,好评率：98.65%,"28.09%,26.23%,27.31%,",淘宝c店,5钻
炫耀水星家纺100%澳洲进口羊毛被全棉加厚冬被子保暖双人10斤单人,https://item.taobao.com/item.htm?id=577349409911&ns=1&abbucket=10#detail,"15天退换,公益宝贝,",红红红,鑫鑫乐家纺,99.00,10人收货,江苏 南通,好评率：99.57%,"31.15%,55.72%,61.17%,",淘宝c店,3钻
水星家纺澳洲羊毛被芯单双人保暖冬被子加厚羊毛被芯床品QW1243,https://detail.tmall.com/item.htm?id=539965755475&ns=1&abbucket=10,"天猫,",黄黄红,水星家纺品牌专卖店,559.00,10人收货,上海,,"0.00%,0.00%,8.03%,",天猫店,
远梦被子冬被澳洲羊羔毛双绒被2m加厚保暖冬季被芯进口,https://detail.tmall.com/item.htm?id=558912039589&ns=1&abbucket=10,"天猫,",蓝黄黄,远梦家居旗舰店,589.00,10人收货,广东 东莞,,"0.55%,0.00%,0.00%,",天猫店,
恒源祥集团澳洲进口100%纯羊毛被子 全羊毛绒被 加厚保暖冬芯,https://detail.tmall.com/item.htm?id=44822035572&ns=1&abbucket=10,"天猫,",红红红,fazeya彩羊梦沁园专卖店,228.00,10人收货,,,"19.61%,20.25%,15.27%,",天猫店,
lovo家纺澳洲羊毛被子被芯防螨澳毛被床品单双人床1.2/1.5/1.8m床,https://detail.tmall.com/item.htm?id=576032801012&ns=1&abbucket=10,"天猫,",黄红红,lovo家纺专卖店,259.00,10人收货,江苏 南通,,"0.00%,20.55%,23.74%,",天猫店,
嘉仕纳澳洲四季羊毛被芯粉色保暖性能强5.6斤中厚双人200cmX230cm,https://item.taobao.com/item.htm?id=576905748983&ns=1&abbucket=10#detail,,红红红,奇文布艺,158.00,10人收货,江苏 南通,好评率：98.93%,"56.25%,35.68%,53.91%,",企业店铺,3钻
恋人水星家纺纯羊毛被子加厚冬被春秋被芯全棉单人双人夏凉纯棉,https://item.taobao.com/item.htm?id=556781527629&ns=1&abbucket=10#detail,"金牌卖家,",黄黄红,h965254840,88.00,10人收货,江苏 南通,好评率：97.57%,"0.00%,0.00%,0.00%,",淘宝c店,4钻
水星家纺 100%抗菌羊毛冬被蒙芯纯羊毛被子被芯秋冬加厚保暖,https://detail.tmall.com/item.htm?id=575702988735&ns=1&abbucket=10,"天猫,",黄黄红,水星旗舰店,449.00,10人收货,上海,,"0.00%,0.00%,8.26%,",天猫店,
艾维家纺100%羊毛被加厚保暖冬被被芯双人冬季被子,https://detail.tmall.com/item.htm?id=556453111908&ns=1&abbucket=10,"天猫,",红红红,艾维家纺旗舰店,268.00,10人收货,江苏 南通,,"38.63%,48.34%,50.60%,",天猫店,
水星家纺暖柔儿童羊毛被冬被加厚保暖被芯冬季被子儿童被子,https://detail.tmall.com/item.htm?id=560597159866&ns=1&abbucket=10,"天猫,",黄黄红,水星旗舰店,299.00,10人收货,上海,,"0.00%,0.00%,8.26%,",天猫店,
恒源祥冬被羊毛被芯加厚保暖被子 单双人秋冬棉被羊毛春秋垫褥,https://detail.tmall.com/item.htm?id=558195335995&ns=1&abbucket=10,"天猫,公益宝贝,",黄红红,恒源祥和气致祥专卖店,289.00,9人收货,,,"0.00%,7.53%,11.01%,",天猫店,
艾维家纺被子100%羊毛被全棉被芯进口澳毛被加厚保暖冬结婚喜,https://detail.tmall.com/item.htm?id=558168917504&ns=1&abbucket=10,"天猫,",红红红,艾维家纺旗舰店,459.00,9人收货,江苏 南通,,"38.63%,48.34%,50.60%,",天猫店,
远梦冬被 澳洲羊毛双层芯被 加厚保暖双温被芯 柔软亲肤子,https://item.taobao.com/item.htm?id=558028428238&ns=1&abbucket=10#detail,"15天退换,",黄红红,紫罗菜家纺,259.00,9人收货,广东 东莞,好评率：99.20%,"0.00%,7.14%,1.96%,",淘宝c店,1冠
博洋家纺 被子冬被双人加厚保暖羊毛纤维二合一子母芯单人子,https://detail.tmall.com/item.htm?id=537555356553&ns=1&abbucket=10,"天猫,",黄红红,博洋家纺旗舰店,399.00,9人收货,浙江 宁波,,"0.00%,18.25%,25.06%,",天猫店,
羊毛被加厚保暖棉絮被褥被子冬被全棉被芯春秋冬被学生宿舍单双人,https://item.taobao.com/item.htm?id=578098507683&ns=1&abbucket=10#detail,,蓝蓝蓝,最佳女子,199.00,9人收货,江苏 南通,好评率：97.21%,"2.71%,1.70%,1.33%,",淘宝c店,2冠
恒源祥羊毛被冬被 全棉保暖被芯 被子单人春秋被 澳洲,https://detail.tmall.com/item.htm?id=557842696895&ns=1&abbucket=10,"天猫,公益宝贝,",红红红,恒源祥惠丹专卖店,279.00,9人收货,,,"6.85%,6.23%,7.11%,",天猫店,
CASABLANCA/卡撒天娇家纺澳洲加厚羊毛冬被保暖芯双人冬季子,https://detail.tmall.com/item.htm?id=541973801042&ns=1&abbucket=10,"天猫,",红红红,卡撒天娇家纺旗舰店,538.00,9人收货,,,"1.16%,37.38%,36.42%,",天猫店,
瑜嘉丽羊毛被 羊绒保暖冬被双人2米被芯学生1.5m被褥春秋空调子,https://detail.tmall.com/item.htm?id=578175587266&ns=1&abbucket=10,"天猫,",蓝蓝蓝,瑜嘉丽家居旗舰店,179.00,9人收货,,,"0.51%,0.86%,0.95%,",天猫店,
俞兆林澳洲100%羊毛被芯被子单双人羊毛被加厚保暖驼毛冬,https://detail.tmall.com/item.htm?id=577152285273&ns=1&abbucket=10,"天猫,",蓝蓝蓝,俞兆林家纺旗舰店,168.00,9人收货,,,"1.51%,1.16%,1.01%,",天猫店,
享罗莱羊毛被 被子冬被加厚保暖被芯棉被驼毛被单双人宿舍子母,https://item.taobao.com/item.htm?id=577292382831&ns=1&abbucket=10#detail,,蓝蓝黄,精品床品特卖店,102.00,8人收货,江苏 南通,好评率：98.10%,"1.57%,1.03%,0.00%,",淘宝c店,5钻
澳洲进口100%纯羊毛被 全棉加厚保暖羊绒被芯 单双人纯棉子母冬,https://item.taobao.com/item.htm?id=576941560009&ns=1&abbucket=10#detail,"公益宝贝,",红红红,等待花季13,68.00,8人收货,江苏 南通,好评率：100.00%,"80.26%,73.29%,70.76%,",淘宝c店,2钻
水星家纺婚庆馆旗舰店加厚保暖羊毛柔丝二合一子母被子春秋冬芯,https://detail.tmall.com/item.htm?id=539960146059&ns=1&abbucket=10,"天猫,",蓝蓝红,水星家纺婚庆馆旗舰店,429.00,8人收货,上海,,"0.73%,0.66%,6.95%,",天猫店,
岂爱罗莱驼毛被正品100%纯驼毛羊毛被春秋冬被加厚学生宿舍驼绒,https://item.taobao.com/item.htm?id=558643935108&ns=1&abbucket=10#detail,"公益宝贝,",红红红,慧爱富安娜家纺四件套,198.00,8人收货,,好评率：98.72%,"15.11%,24.70%,20.36%,",淘宝c店,4钻
加厚保暖澳洲羊毛被春秋空调被棉被双人被子单人被褥垫芯秋冬,https://item.taobao.com/item.htm?id=575825601800&ns=1&abbucket=10#detail,"公益宝贝,",红红红,红山楂不酸,202.00,8人收货,江苏 南通,好评率：99.69%,"100.00%,100.00%,87.84%,",淘宝c店,1钻
罗莱家纺羊毛被子被芯春秋被保暖加厚单人双人1.8米全棉水洗冬,https://detail.tmall.com/item.htm?id=575665040581&ns=1&abbucket=10,"天猫,",红红红,罗莱官方旗舰店,699.00,8人收货,江苏 南通,,"3.37%,8.65%,13.93%,",天猫店,
恋人水星家纺纯羊毛被子加厚冬被春秋被芯全棉单人双人夏凉纯棉,https://item.taobao.com/item.htm?id=576907653266&ns=1&abbucket=10#detail,"金牌卖家,公益宝贝,",红红红,晨阳家纺888,88.00,8人收货,江苏 南通,好评率：99.47%,"28.63%,40.73%,37.57%,",淘宝c店,1冠
恒源祥正品100%羊毛被加厚保暖冬被8斤10斤被子春秋单双人棉芯,https://item.taobao.com/item.htm?id=576602470748&ns=1&abbucket=10#detail,,蓝蓝蓝,第六感国际家居,108.00,8人收货,江苏 南通,好评率：99.55%,"14.67%,6.98%,13.14%,",淘宝c店,4钻
红豆家纺 蚕丝被羊毛被二合一子母被加厚保暖 双人冬四季芯,https://detail.tmall.com/item.htm?id=558549036503&ns=1&abbucket=10,"天猫,",蓝黄蓝,红豆家纺官方旗舰店,599.00,8人收货,,,"0.83%,0.00%,0.61%,",天猫店,
澳洲羊毛被春秋双单人学生宿舍被褥被子被芯棉被冬加厚保暖8斤,https://detail.tmall.com/item.htm?id=42560798575&ns=1&abbucket=10,"天猫,",蓝红红,伊沁家纺旗舰店,103.00,8人收货,江苏 南通,,"0.71%,1.16%,6.23%,",天猫店,
富安娜冬被被芯春秋被羊毛被5斤6斤8斤单人双人秋冬子白色粉色,https://item.taobao.com/item.htm?id=576791668856&ns=1&abbucket=10#detail,"公益宝贝,",红红红,砚飞188,219.00,8人收货,江苏 南通,好评率：100.00%,"100.00%,100.00%,100.00%,",淘宝c店,2心
全棉羊毛被100%纯羊毛被 被芯双人春秋棉被保暖加厚冬纯棉面料,https://item.taobao.com/item.htm?id=576329347871&ns=1&abbucket=10#detail,"金牌卖家,",红红红,苏伦嘎3611,179.00,8人收货,江苏 无锡,好评率：98.66%,"16.18%,41.07%,37.34%,",淘宝c店,2冠
羊毛被100%纯羊毛春秋加厚冬被保暖四季被1.5米1.8m芯子清仓,https://item.taobao.com/item.htm?id=562118657980&ns=1&abbucket=10#detail,"金牌卖家,",黄红红,随缘家居888,128.00,8人收货,江苏 南通,好评率：99.39%,"0.00%,5.86%,16.72%,",淘宝c店,5钻
水星家纺暖梦羊羔绒羊毛冬被加厚保暖双人羊毛被芯1.8米床,https://detail.tmall.com/item.htm?id=539389267074&ns=1&abbucket=10,"天猫,",黄黄红,水星旗舰店,399.00,8人收货,上海,,"0.00%,0.00%,8.26%,",天猫店,
恒源祥羊毛被单双人被芯秋冬100%澳洲羊毛被冬被加厚保暖学生子,https://detail.tmall.com/item.htm?id=35238708839&ns=1&abbucket=10,"天猫,公益宝贝,",红红红,恒源祥惠丹专卖店,399.00,8人收货,,,"6.85%,6.23%,7.11%,",天猫店,
小绵羊纯羊毛加厚冬被单双人学生宿舍冬季被子被芯保暖,https://detail.tmall.com/item.htm?id=575981183262&ns=1&abbucket=10,"天猫,",黄红红,小绵羊床品旗舰店,299.00,8人收货,上海,,"0.00%,14.49%,15.49%,",天猫店,
冬季加厚羊羔绒被子冬被被芯棉被羊毛被保暖正品羽丝绒双人羊绒,https://item.taobao.com/item.htm?id=525586898847&ns=1&abbucket=10#detail,,蓝蓝蓝,qcpowufei1,59.00,8人收货,江苏 南通,好评率：98.50%,"1.97%,1.20%,0.75%,",淘宝c店,4冠
水星家纺双人加厚保暖冬被冬季被子床上用品 暖韵羊毛冬芯,https://detail.tmall.com/item.htm?id=538832343383&ns=1&abbucket=10,"天猫,",黄黄红,水星家纺品牌专卖店,499.00,8人收货,上海,,"0.00%,0.00%,8.03%,",天猫店,
恒源祥澳洲进口纯羊毛被子 加厚保暖冬被棉被春秋双人芯空调,https://item.taobao.com/item.htm?id=577069043236&ns=1&abbucket=10#detail,,红黄红,爱恋家纺8,89.00,8人收货,江苏 南通,好评率：99.44%,"100.00%,0.00%,100.00%,",淘宝c店,3钻
恒源祥正品澳洲100%纯羊毛被加厚保暖冬被单双人被芯10斤子清仓,https://item.taobao.com/item.htm?id=573479092380&ns=1&abbucket=10#detail,,红红红,兔汪汪4563,138.00,8人收货,江苏 南通,好评率：99.16%,"19.64%,28.57%,19.68%,",淘宝c店,3钻
富安娜家纺羊毛被子春秋蚕丝被子母被二合一被芯冬双人全棉单人,https://item.taobao.com/item.htm?id=557508509246&ns=1&abbucket=10#detail,"金牌卖家,",红红红,富安娜集团中山店,699.00,8人收货,,好评率：99.45%,"56.26%,54.41%,51.62%,",企业店铺,2钻
"亲亲购澳洲 羊毛被美丽诺Merino 冬被150*210,200*230,240 230",https://detail.tmall.com/item.htm?id=24281144671&ns=1&abbucket=10,"天猫,",红红红,qqingo亲亲购旗舰店,520.20,8人收货,上海,,"37.54%,40.99%,39.04%,",天猫店,
多喜爱被芯被子冬被羊毛被正品秋冬被1.5m1.8m床暖芯七孔冬,https://item.taobao.com/item.htm?id=41049852075&ns=1&abbucket=10#detail,"icon-service-jiyoujia,金牌卖家,15天退换,",红红红,幸福的王达,199.00,8人收货,上海,好评率：99.98%,"43.93%,46.22%,50.20%,",淘宝c店,2冠
正品100%羊毛被子新款加厚柔软羊羔绒被芯单双人春秋保暖冬10斤,https://item.taobao.com/item.htm?id=560366187584&ns=1&abbucket=10#detail,"15天退换,公益宝贝,",蓝蓝红,jggg555,136.00,7人收货,江苏 南通,好评率：95.40%,"5.55%,4.60%,6.49%,",淘宝c店,1钻
恒源祥羊毛被100%纯羊毛冬被子加厚粉色10斤正品全棉澳洲羊绒芯,https://item.taobao.com/item.htm?id=576487433034&ns=1&abbucket=10#detail,"15天退换,公益宝贝,",红红红,tb42274423,159.00,7人收货,广东 深圳,好评率：100.00%,"100.00%,100.00%,100.00%,",淘宝c店,1心
CASABLANCA/卡撒天娇三层加厚羊毛被芯保暖被褥单人双人厚子,https://detail.tmall.com/item.htm?id=557431520800&ns=1&abbucket=10,"天猫,公益宝贝,",红红红,卡撒天娇家纺旗舰店,538.00,7人收货,,,"1.16%,37.38%,36.42%,",天猫店,
优惠20元羊毛被冬被加厚驼色被保暖被子羊绒被单双人冬天丝棉芯,https://item.taobao.com/item.htm?id=571003828340&ns=1&abbucket=10#detail,,蓝红红,zimo101030,109.00,7人收货,江苏 南通,好评率：98.44%,"2.08%,10.36%,14.20%,",淘宝c店,4钻
多喜爱家纺床上用品暖意舒柔七孔羊毛被（粉）单双人羊毛子,https://detail.tmall.com/item.htm?id=40726936604&ns=1&abbucket=10,"天猫,",黄红红,多喜爱旗舰店,199.00,7人收货,上海,,"0.00%,2.79%,17.10%,",天猫店,
南极人冬季被子全棉加厚保暖澳洲羊毛被 100%纯羊毛芯双人冬,https://detail.tmall.com/item.htm?id=566894179734&ns=1&abbucket=10,"天猫,",黄红红,南极人伴伴专卖店,359.00,7人收货,上海,,"0.00%,6.87%,16.89%,",天猫店,
恒源祥羊毛被100%澳洲纯羊毛加厚保暖单双人纯棉羊绒春秋冬,https://item.taobao.com/item.htm?id=576970286993&ns=1&abbucket=10#detail,,红红红,居家宝贝家纺666,99.00,7人收货,上海,好评率：98.59%,"45.05%,77.97%,56.58%,",淘宝c店,5钻
恒源祥100%澳洲进口羊毛被全棉双人加厚春秋保暖被子冬芯正品,https://item.taobao.com/item.htm?id=557930942380&ns=1&abbucket=10#detail,"icon-service-jiyoujia,金牌卖家,15天退换,公益宝贝,",红红红,bainiaoshujiafang,599.00,7人收货,江苏 镇江,好评率：99.16%,"21.84%,20.92%,16.20%,",企业店铺,5钻
南极人家纺羊毛被子被芯加厚保暖8斤6斤冬被单双人春秋冬棉褥子,https://detail.tmall.com/item.htm?id=559594168857&ns=1&abbucket=10,"天猫,",蓝黄红,南极人倍荣专卖店,199.00,7人收货,,,"0.70%,0.00%,5.66%,",天猫店,
玖丝纯100%绵羊绒被子秋冬被加厚保暖被纯羊毛被芯全棉面料礼品,https://item.taobao.com/item.htm?id=577337413881&ns=1&abbucket=10#detail,"公益宝贝,",红红红,清河冰少,285.00,7人收货,河北 邢台,好评率：98.20%,"71.17%,65.32%,65.83%,",淘宝c店,4钻
水星家纺 珍藏欧洲羊毛春秋被芯加厚保暖双人冬被子床上用品冬季,https://item.taobao.com/item.htm?id=575828195934&ns=1&abbucket=10#detail,"icon-service-jiyoujia,金牌卖家,15天退换,",黄黄红,水星电子商务公司,239.00,7人收货,上海,好评率：98.92%,"0.00%,0.00%,4.65%,",企业店铺,5冠
恒源祥正品百分百加厚羊毛被冬被春秋被空调被子6斤8斤10斤包邮,https://item.taobao.com/item.htm?id=577982862372&ns=1&abbucket=10#detail,"公益宝贝,",红红红,1014丽,160.00,7人收货,江苏 南通,好评率：99.57%,"100.00%,100.00%,100.00%,",淘宝c店,5心
水星家纺澳洲羊毛被冬被加厚保暖双人被芯冬季被子1.8米床,https://detail.tmall.com/item.htm?id=547031190753&ns=1&abbucket=10,"天猫,",黄黄红,水星旗舰店,1399.00,7人收货,上海,,"0.00%,0.00%,8.26%,",天猫店,
水星家纺羊毛被臻品澳洲羊毛被加厚保暖双人被芯冬季被子1.8米床,https://detail.tmall.com/item.htm?id=565818955126&ns=1&abbucket=10,"天猫,",黄黄红,水星旗舰店,1599.00,7人收货,上海,,"0.00%,0.00%,8.26%,",天猫店,
礼品被子礼盒装驼毛被芯羊绒被子春秋薄被夏被会销批發活动赠品,https://item.taobao.com/item.htm?id=573615577998&ns=1&abbucket=10#detail,,蓝蓝蓝,乐购家居111,30.00,7人收货,江苏 南通,好评率：99.32%,"2.81%,2.35%,2.92%,",淘宝c店,2冠
猫猫 澳大利亚进口羊毛纯新羊毛秋冬被劲爆组 东方cj购物,https://item.taobao.com/item.htm?id=560841452744&ns=1&abbucket=10#detail,"金牌卖家,",红红红,秋天的麦浪888,259.00,7人收货,上海,好评率：99.75%,"60.18%,60.34%,58.49%,",淘宝c店,2冠
小绵羊英格兰羊毛加厚冬被褥双人学生宿舍被芯保暖单人纯子,https://item.taobao.com/item.htm?id=575958378334&ns=1&abbucket=10#detail,"公益宝贝,",红红红,懒贵族品牌店,399.00,7人收货,上海,好评率：100.00%,"100.00%,97.42%,100.00%,",淘宝c店,1钻
罗兰家纺纯羊毛冬被芯春秋冬天双单人加密加厚被子不含纤维,https://item.taobao.com/item.htm?id=18894752002&ns=1&abbucket=10#detail,"icon-service-jiyoujia,金牌卖家,15天退换,",红红红,shiningmyway,168.00,7人收货,江苏 南通,好评率：99.17%,"37.96%,44.67%,51.37%,",企业店铺,4冠
100%羊绒被子纯棉春秋被加厚保暖冬被单双人被羊毛芯学生褥,https://item.taobao.com/item.htm?id=540138247350&ns=1&abbucket=10#detail,"金牌卖家,15天退换,",红红红,万乐维特,369.00,7人收货,河北 邢台,好评率：99.94%,"71.05%,65.18%,50.10%,",企业店铺,4钻
清仓羊毛被芯澳大利亚纯羊毛单人双人被褥6斤冬被加厚保暖太空,https://item.taobao.com/item.htm?id=576517583986&ns=1&abbucket=10#detail,"金牌卖家,公益宝贝,",红红红,lijun201206,117.60,7人收货,江苏 南通,好评率：96.57%,"60.55%,52.55%,6.49%,",淘宝c店,4钻
Goldclip澳洲羊毛被家庭套装冬被被+2枕头,https://detail.tmall.com/item.htm?id=568837891032&ns=1&abbucket=10,"天猫guoji,",红红红,goldclip海外旗舰店,4097.00,6人收货,,,"83.87%,81.39%,66.51%,",天猫店,
水星家纺珍藏澳洲羊毛被芯加厚保暖双人保暖冬被子床上用品冬季,https://detail.tmall.com/item.htm?id=524701705879&ns=1&abbucket=10,"天猫,",黄黄红,水星家纺品牌专卖店,539.00,6人收货,上海,,"0.00%,0.00%,8.03%,",天猫店,
博洋家纺 澳洲进口100%羊毛被子冬被保暖加厚全棉芯单双人秋冬,https://detail.tmall.com/item.htm?id=537824629886&ns=1&abbucket=10,"天猫,",黄红红,博洋家纺旗舰店,719.00,6人收货,浙江 宁波,,"0.00%,18.25%,25.06%,",天猫店,
水星家纺抗菌羊毛被子春秋被加厚保暖冬被冬季被芯澳美娜2018新品,https://item.taobao.com/item.htm?id=576231940077&ns=1&abbucket=10#detail,,红红红,anna7795096,389.00,6人收货,四川 成都,好评率：100.00%,"27.31%,27.14%,11.46%,",淘宝c店,4钻
水星家纺 羊毛柔丝二合一子母被 加厚冬被 羊毛·柔丝二合一2代,https://detail.tmall.com/item.htm?id=575860829575&ns=1&abbucket=10,"天猫,",黄黄红,水星旗舰店,499.00,6人收货,上海,,"0.00%,0.00%,8.26%,",天猫店,
羊毛被子春秋被冬被全棉被芯单人双人被褥学生宿舍特价6斤8斤棉,https://item.taobao.com/item.htm?id=575781579944&ns=1&abbucket=10#detail,"公益宝贝,",红红红,彭振涛19980716,88.00,6人收货,江苏 南通,好评率：100.00%,"87.79%,90.21%,90.35%,",淘宝c店,4心
小绵羊豪华新西兰羊毛冬被进口羊毛可水洗被双人被芯加厚保暖子,https://item.taobao.com/item.htm?id=554518301466&ns=1&abbucket=10#detail,"15天退换,",红红红,a7221361,599.20,6人收货,上海,好评率：99.33%,"4.69%,6.08%,5.32%,",淘宝c店,3冠
冬冬宝家纺防跑毛新品加厚保暖羊毛被芯秋冬季被子单双人学生包邮,https://detail.tmall.com/item.htm?id=559261403559&ns=1&abbucket=10,"天猫,",红红黄,冬冬宝家纺旗舰店,238.00,6人收货,,,"5.63%,1.85%,0.00%,",天猫店,
新西兰进口CRIA可瑞乐100%纯羊毛被四季被单双人春秋子保暖冬,https://item.taobao.com/item.htm?id=574008002144&ns=1&abbucket=10#detail,"全球购,金牌卖家,公益宝贝,",红红红,wesleyh,788.00,6人收货,上海,好评率：99.73%,"52.73%,59.39%,55.98%,",淘宝c店,4钻
北极绒家纺100%羊毛被冬被芯冬天被子春秋双人加厚保暖棉空调,https://detail.tmall.com/item.htm?id=559994251185&ns=1&abbucket=10,"天猫,",黄红黄,北极绒套件旗舰店,169.00,6人收货,上海,,"0.00%,0.64%,0.00%,",天猫店,
进口澳洲100%纯羊毛被子加厚保暖冬被羊绒被单双人春秋子母芯,https://item.taobao.com/item.htm?id=559037880787&ns=1&abbucket=10#detail,"15天退换,公益宝贝,",红红红,专柜正品直销店11,96.00,6人收货,上海,好评率：99.75%,"53.37%,43.92%,44.74%,",淘宝c店,2钻
加厚保暖棉被羊羔绒法莱绒冬被学生单人双人宿舍冬季子芯,https://item.taobao.com/item.htm?id=577993146594&ns=1&abbucket=10#detail,,红红红,jiao911126,65.00,6人收货,江苏 南通,好评率：95.71%,"100.00%,100.00%,100.00%,",淘宝c店,4钻
加厚春秋季1.5米2.0m磨毛羊毛被芯保暖冬被单人双人春秋冬天子,https://item.taobao.com/item.htm?id=573900451928&ns=1&abbucket=10#detail,"金牌卖家,",红红红,勇艺8,88.00,6人收货,江苏 南通,好评率：99.76%,"35.44%,40.86%,46.61%,",淘宝c店,5钻
寒冬加厚纯羊毛被子冬被学生单人双人子母被芯2米1.5m2.2,https://item.taobao.com/item.htm?id=560548960556&ns=1&abbucket=10#detail,"15天退换,",蓝黄红,套件外贸店,135.00,6人收货,上海,好评率：98.76%,"0.66%,0.00%,14.21%,",企业店铺,1冠
恒源祥全棉羊毛被澳洲进口100%羊毛双人加厚保暖冬宿舍春秋,https://item.taobao.com/item.htm?id=577737264334&ns=1&abbucket=10#detail,"公益宝贝,",红红红,暖心梦家纺,108.00,6人收货,江苏 南通,好评率：98.41%,"100.00%,100.00%,100.00%,",淘宝c店,1钻
小绵羊冬被100%纯澳毛被芯磨毛冬天被子单双人床褥保暖加厚,https://detail.tmall.com/item.htm?id=537139193038&ns=1&abbucket=10,"天猫,",黄红红,小绵羊床品旗舰店,359.00,6人收货,上海,,"0.00%,14.49%,15.49%,",天猫店,
华锦添羊毛被100%纯羊毛保暖加厚冬被单双人羊绒被芯春秋子,https://detail.tmall.com/item.htm?id=575097876828&ns=1&abbucket=10,"天猫,",蓝蓝蓝,赛瑶家居专营店,119.00,6人收货,江苏 苏州,,"1.52%,1.66%,1.38%,",天猫店,
正品羊毛被100%纯羊毛春秋冬被子双人加厚保暖学生宿舍单人床芯,https://item.taobao.com/item.htm?id=557711026719&ns=1&abbucket=10#detail,"公益宝贝,",红红红,张成店铺,99.00,6人收货,上海,好评率：98.86%,"56.35%,86.87%,74.14%,",淘宝c店,3钻
水星家纺 新臻品羊毛被芯 冬季保暖透气被子加厚床上用品,https://detail.tmall.com/item.htm?id=542442176239&ns=1&abbucket=10,"天猫,",黄黄红,水星家纺品牌专卖店,399.00,6人收货,上海,,"0.00%,0.00%,8.03%,",天猫店,
诗润姿8斤纯羊毛冬被 100%澳洲羊毛被加厚保暖被芯单双人春秋子,https://detail.tmall.com/item.htm?id=572688809879&ns=1&abbucket=10,"天猫,公益宝贝,",红红红,诗润姿家纺旗舰店,586.00,6人收货,,,"80.82%,66.28%,66.56%,",天猫店,
恒源祥全棉十孔云丝被加厚8斤冬被负离子羊毛被单双人1.8保暖子,https://detail.tmall.com/item.htm?id=14088025989&ns=1&abbucket=10,"天猫,",黄红红,合肥梦之家家居专营店,255.00,6人收货,,,"0.00%,17.34%,11.28%,",天猫店,
维科羊毛被双人被芯冬被1.5米棉被加厚保暖单人被1.8米床冬季子,https://detail.tmall.com/item.htm?id=539799991292&ns=1&abbucket=10,"天猫,",蓝蓝黄,维科婷优专卖店,119.00,6人收货,江苏 南通,,"0.63%,0.72%,0.00%,",天猫店,
水星家纺澳洲羊毛冬被加厚羊毛被单双人羊毛羊绒被芯冬季床上用品,https://detail.tmall.com/item.htm?id=523005595896&ns=1&abbucket=10,"天猫,",黄黄红,水星家纺品牌专卖店,499.00,6人收货,上海,,"0.00%,0.00%,8.03%,",天猫店,
恒源祥家纺舒适羊毛被新西兰羊毛被子被芯被褥秋冬季加厚保暖冬,https://detail.tmall.com/item.htm?id=575457390302&ns=1&abbucket=10,"天猫,",黄红红,恒源祥家纺官方旗舰店,278.00,6人收货,上海,,"0.00%,12.49%,13.70%,",天猫店,
水星家纺 100%羊毛春秋被加厚纯羊毛保暖被芯珍藏欧洲羊毛春秋,https://detail.tmall.com/item.htm?id=575449724859&ns=1&abbucket=10,"天猫,",黄黄红,水星家纺品牌专卖店,449.00,6人收货,上海,,"0.00%,0.00%,8.03%,",天猫店,
Goldclip澳洲羊毛被家庭套装四季被+2枕头,https://detail.tmall.com/item.htm?id=573273405360&ns=1&abbucket=10,"天猫guoji,",红红红,goldclip海外旗舰店,3797.00,6人收货,,,"83.87%,81.39%,66.51%,",天猫店,
小绵羊新西兰羊毛暖肤冬被纯羊毛冬季被子单双人加厚保暖子芯,https://item.taobao.com/item.htm?id=575923842384&ns=1&abbucket=10#detail,,红红红,a7221361,275.00,6人收货,上海,好评率：99.33%,"4.69%,6.08%,5.32%,",淘宝c店,3冠
羊羔绒被子冬被加厚保暖全棉一米五羊绒棉被芯6斤8斤单人床宿舍,https://item.taobao.com/item.htm?id=563074100910&ns=1&abbucket=10#detail,"公益宝贝,",蓝蓝蓝,ani19783,38.22,6人收货,浙江 温州,好评率：97.37%,"6.92%,5.79%,5.36%,",淘宝c店,2冠
南极人新西兰羊毛被子冬被加厚保暖棉被芯单人空调双人春秋褥,https://detail.tmall.com/item.htm?id=577840371264&ns=1&abbucket=10,"天猫,",蓝黄蓝,南极人雅梦专卖店,158.00,6人收货,,,"0.76%,0.00%,0.50%,",天猫店,
浪莎保暖羊毛被冬被加厚被子被芯双人空调棉被褥单人学生宿舍,https://detail.tmall.com/item.htm?id=558899408370&ns=1&abbucket=10,"天猫,",蓝蓝蓝,浪莎家纺旗舰店,148.00,6人收货,江苏 南通,,"1.36%,1.33%,1.40%,",天猫店,
水星家纺 澳洲羊毛春秋被加厚保暖双人被芯冬季被子1.8米床简芙蕾,https://detail.tmall.com/item.htm?id=570407810755&ns=1&abbucket=10,"天猫,",黄黄红,水星旗舰店,599.00,6人收货,上海,,"0.00%,0.00%,8.26%,",天猫店,
【微瑕疵】LOVO家纺 床上用品被芯被子加厚羊毛冬被新一代,https://item.taobao.com/item.htm?id=566710970458&ns=1&abbucket=10#detail,"金牌卖家,",红红红,罗莱家纺儿童直销店,208.45,6人收货,,好评率：98.82%,"52.63%,39.86%,39.70%,",企业店铺,2冠
宝缦家纺羊毛被纯羊毛冬被加厚双人被芯单人被子春秋 星星之恋,https://detail.tmall.com/item.htm?id=570517368212&ns=1&abbucket=10,"天猫,",红红红,宝缦旗舰店,329.00,6人收货,江苏 南通,,"7.25%,11.55%,12.06%,",天猫店,
恒源祥家纺 春秋被羊毛被子太空被加厚空调被羊毛被冬芯褥,https://detail.tmall.com/item.htm?id=556384734982&ns=1&abbucket=10,"天猫,",黄红红,恒源祥家纺官方旗舰店,278.00,6人收货,上海,,"0.00%,12.49%,13.70%,",天猫店,
100%澳洲纯羊毛被加厚保暖春秋冬被芯4斤单双人学生宿舍送枕头,https://item.taobao.com/item.htm?id=575618851787&ns=1&abbucket=10#detail,"公益宝贝,",红红红,睡玲珑家纺,159.00,6人收货,江苏 南通,好评率：100.00%,"79.33%,83.43%,85.66%,",企业店铺,1钻
吉人好梦100%纯羊毛澳大利亚进口羊毛被芯加厚保暖子冬,https://item.taobao.com/item.htm?id=577941228118&ns=1&abbucket=10#detail,"公益宝贝,",红红红,a961980563,239.00,6人收货,广东 广州,好评率：98.78%,"100.00%,100.00%,100.00%,",淘宝c店,5心
富安娜家纺圣之花澳洲羊毛春秋被子保暖被芯单人1.5双人1.8米床品,https://detail.tmall.com/item.htm?id=573456825229&ns=1&abbucket=10,"天猫,",黄黄红,富安娜官方旗舰店,339.00,5人收货,,,"0.00%,0.00%,7.22%,",天猫店,
多喜爱家纺加厚被芯羊毛冬被子全棉保暖双人被1+1尊享羊毛冬,https://detail.tmall.com/item.htm?id=35431078496&ns=1&abbucket=10,"天猫,",黄红红,多喜爱旗舰店,599.00,5人收货,上海,,"0.00%,2.79%,17.10%,",天猫店,
恒源祥集团澳洲进口100%纯羊毛被子全棉双人加厚保暖秋冬芯结婚,https://detail.tmall.com/item.htm?id=44839026215&ns=1&abbucket=10,"天猫,",红红红,fazeya彩羊梦沁园专卖店,498.00,5人收货,,,"19.61%,20.25%,15.27%,",天猫店,
【直营】herington进口保暖抗寒全美利奴羊毛双人冬季澳洲,https://detail.tmall.com/item.htm?id=556052158890&ns=1&abbucket=10,"天猫guoji,",红红红,天猫国际官方直营国内现货,1199.00,5人收货,,,"18.90%,35.18%,18.48%,",天猫店,
安睡宝哥特纯羊毛春秋被双人加厚冬被羊毛被子冬季保暖单人芯,https://detail.tmall.com/item.htm?id=523781009678&ns=1&abbucket=10,"天猫,",红红红,安睡宝旗舰店,329.00,5人收货,山东 临沂,,"24.26%,38.86%,40.85%,",天猫店,
恒源祥家纺 星级澳毛羊毛被秋冬单双人加厚保暖纯羊毛芯子,https://detail.tmall.com/item.htm?id=576175720049&ns=1&abbucket=10,"天猫,",黄红红,恒源祥家纺官方旗舰店,448.00,5人收货,上海,,"0.00%,12.49%,13.70%,",天猫店,
喜屋澳洲羊毛全棉羊毛被芯 单双人保暖冬被羊毛被子1.8米床春秋,https://detail.tmall.com/item.htm?id=41235215755&ns=1&abbucket=10,"天猫,",蓝黄红,喜屋家居旗舰店,449.00,5人收货,江苏 无锡,,"1.10%,0.00%,37.01%,",天猫店,
恒源祥四国进口100%羊毛被子加厚保暖冬被双人春秋芯棉空调,https://detail.tmall.com/item.htm?id=574482216170&ns=1&abbucket=10,"天猫,",黄红红,恒源祥海洋时代专卖店,368.00,5人收货,,,"0.00%,0.84%,8.16%,",天猫店,
冬被子保暖加厚双人冬天春秋被空调被棉被芯羊毛学生褥单人宿舍,https://item.taobao.com/item.htm?id=577056068757&ns=1&abbucket=10#detail,,红红红,独购行者,128.00,5人收货,江苏 南通,好评率：99.18%,"67.95%,61.45%,62.01%,",淘宝c店,2冠
情人罗莱家纺羊毛被加厚保暖纯羊毛秋冬季单双人被芯子床上用品,https://item.taobao.com/item.htm?id=557149310091&ns=1&abbucket=10#detail,"公益宝贝,",蓝蓝蓝,含影168,78.00,5人收货,江苏 南通,好评率：98.33%,"2.73%,1.32%,0.68%,",淘宝c店,4钻
罗莱家纺床上用品子母被子冬被芯四季被二合一羊毛蚕丝子两条装,https://detail.tmall.com/item.htm?id=542350011212&ns=1&abbucket=10,"天猫,",红红红,罗莱官方旗舰店,1299.00,5人收货,江苏 南通,,"3.37%,8.65%,13.93%,",天猫店,
2018新品特价羊羔绒冬被柔软被芯加厚保暖羊绒被单双人冬子10斤,https://item.taobao.com/item.htm?id=558387684538&ns=1&abbucket=10#detail,,蓝蓝蓝,佩佩家纺521,138.00,5人收货,江苏 南通,好评率：98.75%,"0.57%,1.24%,8.09%,",淘宝c店,3钻
南极人冬被羊毛被加厚保暖棉被单人5斤被子被芯秋冬季双人春秋,https://detail.tmall.com/item.htm?id=574120760979&ns=1&abbucket=10,"天猫,公益宝贝,",黄红红,南极人尊品专卖店,139.00,5人收货,,,"0.00%,6.53%,15.73%,",天猫店,
羊毛被子冬被加厚保暖冬季棉被单双人学生100%驼毛绒春秋芯10斤,https://item.taobao.com/item.htm?id=576185039129&ns=1&abbucket=10#detail,"公益宝贝,",红红红,爱家家居生活馆,75.00,5人收货,江苏 南通,好评率：98.77%,"3.23%,6.89%,31.19%,",淘宝c店,1钻
澳洲羊毛被100%纯羊毛加厚保暖冬被芯单双人春秋被学生棉礼品,https://item.taobao.com/item.htm?id=561902354861&ns=1&abbucket=10#detail,,红红红,依恋家纺123,78.00,5人收货,上海,好评率：93.42%,"100.00%,100.00%,100.00%,",淘宝c店,4钻
100%纯驼毛冬季10斤加厚保暖冬被单双人纯棉春秋芯床上用品,https://item.taobao.com/item.htm?id=576558422254&ns=1&abbucket=10#detail,,红红红,诗润姿家纺,316.00,5人收货,江苏 南通,好评率：98.50%,"73.01%,67.53%,68.01%,",淘宝c店,4钻
●外贸出口原单澳毛被100纯澳洲羊毛被子春秋被结婚芯加厚冬,https://item.taobao.com/item.htm?id=8629778001&ns=1&abbucket=10#detail,,红红红,和美阁家纺,288.00,5人收货,江苏 南京,好评率：99.72%,"60.55%,28.83%,6.49%,",淘宝c店,4钻
被子冬被学生宿舍单人6斤羊绒被羊羔绒全棉被芯加厚保暖双人8斤10,https://item.taobao.com/item.htm?id=577333949031&ns=1&abbucket=10#detail,"公益宝贝,",红红红,65631战神,49.00,5人收货,上海,好评率：99.62%,"57.26%,57.16%,54.98%,",淘宝c店,2钻
Sunflower/圣之花羊毛被加厚保暖双人春秋被加大1.8m床混合芯,https://detail.tmall.com/item.htm?id=562056641640&ns=1&abbucket=10,"天猫,",红红红,圣之花家居旗舰店,219.00,5人收货,,,"11.20%,17.36%,25.75%,",天猫店,
远梦澳洲羊羔毛双绒被羊毛被杜邦生物绒冬季保暖冬双人子芯,https://item.taobao.com/item.htm?id=576834491648&ns=1&abbucket=10#detail,"icon-service-jiyoujia,金牌卖家,15天退换,",蓝黄黄,远梦家居直营店,469.00,5人收货,广东 东莞,好评率：98.87%,"0.54%,0.00%,0.00%,",淘宝c店,2冠
老羊头100%纯羊绒被子加厚保暖冬被被芯单人双人羊毛春秋学生,https://item.taobao.com/item.htm?id=555846049672&ns=1&abbucket=10#detail,"金牌卖家,15天退换,",红红红,万乐维特,198.00,5人收货,河北 邢台,好评率：99.94%,"71.05%,65.18%,50.10%,",企业店铺,4钻
恒源祥家纺新西兰羊毛被子秋冬季单人双人保暖加厚芯绣边,https://detail.tmall.com/item.htm?id=40742422523&ns=1&abbucket=10,"天猫,",黄红红,恒源祥家纺官方旗舰店,498.00,5人收货,上海,,"0.00%,12.49%,13.70%,",天猫店,
冬季保暖加厚羊毛被100%纯羊毛被子春秋被双人冬芯6 8 10斤,https://item.taobao.com/item.htm?id=577497230054&ns=1&abbucket=10#detail,,红红红,luyanjun0426,168.00,5人收货,江苏 无锡,好评率：97.09%,"84.61%,62.99%,57.45%,",淘宝c店,1冠
杰元家纺暖芯羊毛羽丝绒冬被床上用品双人被芯羽丝绒加厚保暖子,https://detail.tmall.com/item.htm?id=537866657082&ns=1&abbucket=10,"天猫,",蓝黄红,杰元家纺旗舰店,230.00,5人收货,江苏 南通,,"1.01%,0.00%,13.47%,",天猫店,
红瑞简约加厚磨毛植物羊绒冬被子双人被芯保暖被褥宿舍单人学生,https://detail.tmall.com/item.htm?id=559308328903&ns=1&abbucket=10,"天猫,",黄黄黄,红瑞纺织旗舰店,139.00,5人收货,江苏 南通,,"0.00%,0.00%,0.00%,",天猫店,
小绵羊被子豪华澳洲100%纯羊毛冬被单人学生双人加厚保暖提花芯,https://item.taobao.com/item.htm?id=573981305566&ns=1&abbucket=10#detail,"公益宝贝,",红红红,懒贵族品牌店,659.00,5人收货,上海,好评率：100.00%,"100.00%,97.42%,100.00%,",淘宝c店,1钻
正品100%绵羊绒被子冬被加厚保暖羊毛被芯全棉贡缎单双人学生褥,https://item.taobao.com/item.htm?id=559129874044&ns=1&abbucket=10#detail,"15天退换,公益宝贝,",黄蓝蓝,董氏羊绒,490.00,5人收货,河北 邢台,好评率：99.35%,"2.90%,0.56%,0.51%,",淘宝c店,2钻
羊毛被加厚保暖澳洲100%双人全棉春秋被子冬被芯学生宿舍冬季褥,https://item.taobao.com/item.htm?id=577798228274&ns=1&abbucket=10#detail,,红红红,nuoweiya668,88.00,5人收货,江苏 南通,好评率：97.81%,"19.02%,2.60%,36.02%,",淘宝c店,1冠
恒源祥全棉羊毛被子 100%纯羊毛被芯 澳毛冬被子双人加厚保暖清仓,https://detail.tmall.com/item.htm?id=16360784209&ns=1&abbucket=10,"天猫,公益宝贝,",黄红红,合肥梦之家家居专营店,399.00,5人收货,,,"0.00%,17.34%,11.28%,",天猫店,
多喜爱新品羊毛冬被磨毛被芯1.2m1.5m1.8m暖阳阳澳洲【J】,https://detail.tmall.com/item.htm?id=575839789637&ns=1&abbucket=10,"天猫,",黄红红,多喜爱旗舰店,598.00,5人收货,上海,,"0.00%,2.79%,17.10%,",天猫店,
水星家纺羊毛被芯春秋被保暖被子单双人床学生宿舍空调被正品,https://detail.tmall.com/item.htm?id=538746243589&ns=1&abbucket=10,"天猫,",黄黄红,水星家纺品牌专卖店,379.00,5人收货,上海,,"0.00%,0.00%,8.03%,",天猫店,
水星家纺羊毛被冬被加厚保暖双人羊毛被芯被子1.8米床暖韵,https://detail.tmall.com/item.htm?id=538956789679&ns=1&abbucket=10,"天猫,",黄黄红,水星旗舰店,299.00,5人收货,上海,,"0.00%,0.00%,8.26%,",天猫店,
恒源祥羊毛被春秋被被芯单双人学生儿童棉被加厚保暖冬季子,https://detail.tmall.com/item.htm?id=566677079049&ns=1&abbucket=10,"天猫,",红红红,恒源祥爱诺专卖店,219.00,5人收货,,,"5.24%,20.23%,27.31%,",天猫店,
【天天特价】4斤6斤8斤正品纯羊毛被保暖春秋被冬加厚夏子,https://item.taobao.com/item.htm?id=540115026476&ns=1&abbucket=10#detail,"15天退换,",蓝黄黄,国际名牌家纺688,88.00,5人收货,江苏 南通,好评率：98.81%,"1.14%,0.00%,0.00%,",淘宝c店,1冠
小绵羊 纯澳毛冬被子澳洲进口羊毛纯棉加厚秋冬被芯 正品包邮,https://item.taobao.com/item.htm?id=522169308740&ns=1&abbucket=10#detail,"15天退换,公益宝贝,",红红红,a7221361,374.00,5人收货,上海,好评率：99.33%,"4.69%,6.08%,5.32%,",淘宝c店,3冠
小绵羊100%羊毛暖肤冬被纯羊毛全棉冬季被子双人加厚保暖子芯,https://detail.tmall.com/item.htm?id=576003331627&ns=1&abbucket=10,"天猫,",黄红红,小绵羊床品旗舰店,499.00,5人收货,上海,,"0.00%,14.49%,15.49%,",天猫店,
月诺全棉面料羊毛被芯保暖加厚被子棉被单人双人被芯冬包邮,https://detail.tmall.com/item.htm?id=525595261377&ns=1&abbucket=10,"天猫,",红红红,月诺家居旗舰店,178.00,5人收货,江苏 南通,,"27.31%,14.05%,10.27%,",天猫店,
富安娜家纺澳洲羊毛被 单双人加厚保暖羊绒被冬季保暖芯6斤7斤,https://item.taobao.com/item.htm?id=549163188089&ns=1&abbucket=10#detail,"icon-service-jiyoujia,金牌卖家,15天退换,",红红红,ailin11,598.00,5人收货,广东 深圳,好评率：98.83%,"44.91%,47.23%,41.64%,",淘宝c店,2冠
冬季澳洲羊毛被子被芯春秋单双人棉被全棉纯棉加厚保暖8斤冬褥,https://detail.tmall.com/item.htm?id=575629667670&ns=1&abbucket=10,"天猫,",蓝红红,伊沁家纺旗舰店,312.00,5人收货,江苏 南通,,"0.71%,1.16%,6.23%,",天猫店,
恒源祥冬季羊毛被澳毛被芯单人春秋被芯双人被保暖加厚冬空调,https://detail.tmall.com/item.htm?id=575418013620&ns=1&abbucket=10,"天猫,",红红红,恒源祥恒瑞祥泰专卖店,269.00,5人收货,,,"0.00%,14.54%,23.94%,",天猫店,
加厚保暖羊毛被100%纯羊毛8斤被子被褥单人被芯棉双人冬,https://detail.tmall.com/item.htm?id=561541779180&ns=1&abbucket=10,"天猫,",蓝蓝蓝,竹丝湾旗舰店,118.80,5人收货,江苏 南通,,"1.63%,1.21%,0.70%,",天猫店,
冬季新品羊毛被双人冬季加厚保暖被子单人印花春秋芯学生宿舍,https://item.taobao.com/item.htm?id=568947680819&ns=1&abbucket=10#detail,"15天退换,",蓝蓝黄,张志新2012,148.00,5人收货,江苏 南通,好评率：99.37%,"1.08%,0.92%,0.00%,",企业店铺,1冠
水星家纺 100%羊毛春秋被 加厚纯羊毛被子保暖被芯 珍藏欧洲,https://detail.tmall.com/item.htm?id=576081498275&ns=1&abbucket=10,"天猫,",黄黄红,水星旗舰店,269.00,5人收货,上海,,"0.00%,0.00%,8.26%,",天猫店,
恒源祥彩羊澳毛被芯澳洲100%羊毛被子加厚保暖秋冬可水洗可机洗,https://detail.tmall.com/item.htm?id=45018189267&ns=1&abbucket=10,"天猫,",红红红,fazeya彩羊梦沁园专卖店,522.00,4人收货,,,"19.61%,20.25%,15.27%,",天猫店,
佳丽斯羊毛被冬被单双人秋冬季1.8米澳毛6斤8斤被子芯加厚保暖,https://detail.tmall.com/item.htm?id=537520911176&ns=1&abbucket=10,"天猫,",红红红,佳丽斯旗舰店,698.00,4人收货,福建 龙岩,,"25.80%,30.01%,28.27%,",天猫店,
曼蕊羊毛被子冬被加厚保暖被芯双人10斤羊绒被单人宿舍子春秋,https://item.taobao.com/item.htm?id=577684565376&ns=1&abbucket=10#detail,,蓝蓝蓝,卡步家纺工厂,65.52,4人收货,江苏 南通,好评率：99.75%,"9.82%,10.43%,10.39%,",企业店铺,1钻
星晨家纺 澳洲羊毛被加厚冬被 单双人被芯被子 纯棉子 正品,https://detail.tmall.com/item.htm?id=39332265680&ns=1&abbucket=10,"天猫,公益宝贝,",红红红,星晨梦兰专卖店,280.00,4人收货,浙江 嘉兴,,"15.09%,1.86%,7.24%,",天猫店,
正品羊毛被胎 羊毛冬被芯单双人学生宿舍春秋被子羊毛,https://item.taobao.com/item.htm?id=557470004886&ns=1&abbucket=10#detail,"15天退换,",红红红,ziranmeiyanjing,66.00,4人收货,上海,好评率：99.65%,"23.32%,33.19%,38.20%,",企业店铺,3冠
小绵羊豪华澳洲羊毛冬被纯羊毛被子被芯单人学生宿舍双人加厚保暖,https://item.taobao.com/item.htm?id=554448165112&ns=1&abbucket=10#detail,"15天退换,",红红红,a7221361,499.00,4人收货,上海,好评率：99.33%,"4.69%,6.08%,5.32%,",淘宝c店,3冠
新西兰moemoe羊绒被子100%纯羊毛绒冬被双人冬季加厚保暖羊绒芯,https://item.taobao.com/item.htm?id=577519995448&ns=1&abbucket=10#detail,"15天退换,公益宝贝,",红红红,sywwgg,1599.00,4人收货,江苏 无锡,好评率：99.69%,"100.00%,100.00%,100.00%,",淘宝c店,4钻
羊毛被100%纯羊毛驼毛被加厚保暖冬被8斤10斤春秋羊绒子母,https://item.taobao.com/item.htm?id=576649208680&ns=1&abbucket=10#detail,,红红红,张小杰哦,49.00,4人收货,江苏 南通,好评率：99.27%,"17.15%,28.83%,43.89%,",淘宝c店,2钻
富安娜家纺羊毛被澳洲羊毛春秋被保暖加厚冬被芯二合一四季子,https://detail.tmall.com/item.htm?id=556360724858&ns=1&abbucket=10,"天猫,",红黄黄,富安娜上海专卖店,399.00,4人收货,,,"15.07%,0.00%,0.00%,",天猫店,
水星家纺羊毛被新二合一羊毛冬厚被保暖双人被芯1.8米床子,https://detail.tmall.com/item.htm?id=538651755045&ns=1&abbucket=10,"天猫,",黄黄红,水星旗舰店,439.00,4人收货,上海,,"0.00%,0.00%,8.26%,",天猫店,
全澳毛被羊绒被子 加厚保暖全羊毛被 冬被被芯 双人纯,https://item.taobao.com/item.htm?id=560934315633&ns=1&abbucket=10#detail,,红红红,锦佩家纺企业店,109.00,4人收货,上海,好评率：98.18%,"17.15%,28.04%,34.55%,",企业店铺,4钻
博洋家纺床上用品被子羊毛被保暖加厚棉被芯学生宿舍冬季冬,https://detail.tmall.com/item.htm?id=554889450859&ns=1&abbucket=10,"天猫,",黄红红,博洋家纺旗舰店,279.00,4人收货,浙江 宁波,,"0.00%,18.25%,25.06%,",天猫店,
贵族托玛琳驼绒被驼毛磁疗纳米能量被羊毛加厚冬被子会销礼品批發,https://item.taobao.com/item.htm?id=557955286188&ns=1&abbucket=10#detail,,蓝蓝蓝,南通精玫雅家纺,35.00,4人收货,江苏 南通,好评率：94.63%,"2.59%,2.30%,0.54%,",企业店铺,2钻
羊毛被100%澳洲纯羊毛被子单双人全棉超柔羊绒被春秋加厚冬芯,https://item.taobao.com/item.htm?id=578003206666&ns=1&abbucket=10#detail,,红红红,柯尊纺织品有限公司,98.00,4人收货,,好评率：100.00%,"100.00%,100.00%,100.00%,",企业店铺,2心
富安娜家纺 馨而乐保暖被子学生宿舍春秋被芯双人澳洲清仓,https://detail.tmall.com/item.htm?id=540622917468&ns=1&abbucket=10,"天猫,",红红红,馨而乐家纺官方旗舰店,299.00,4人收货,,,"24.63%,30.33%,32.71%,",天猫店,
远梦家纺 澳洲羊羔毛生物双绒被加厚保暖冬季被芯进口2米床,https://item.taobao.com/item.htm?id=559924415478&ns=1&abbucket=10#detail,"金牌卖家,公益宝贝,",红红红,91木子林夕,499.00,4人收货,广东 东莞,好评率：99.84%,"44.21%,48.66%,39.78%,",淘宝c店,4钻
远梦澳洲羊毛被双层锁温被冬被加厚保暖被子冬天被芯单人双人棉,https://item.taobao.com/item.htm?id=557971301878&ns=1&abbucket=10#detail,"icon-service-jiyoujia,金牌卖家,15天退换,",蓝黄黄,远梦家居直营店,239.00,4人收货,广东 东莞,好评率：98.87%,"0.54%,0.00%,0.00%,",淘宝c店,2冠
恒源祥冬季澳洲羊毛被被子冬被加厚保暖双人春秋被芯棉单人,https://detail.tmall.com/item.htm?id=537085556371&ns=1&abbucket=10,"天猫,",黄红红,恒源祥凡士专卖店,199.00,4人收货,,,"0.00%,4.46%,8.54%,",天猫店,
正品环宇鑫纯绵羊绒被子加厚冬被保暖羊毛被胎单双人学生可定做,https://item.taobao.com/item.htm?id=19645749463&ns=1&abbucket=10#detail,"15天退换,",红红红,txx0316,299.00,4人收货,河北 邢台,好评率：99.22%,"100.00%,100.00%,100.00%,",淘宝c店,3钻
羊毛被冬被加厚羊绒被单人双人被芯春秋被保暖被子1.5米1.8/2.0m,https://item.taobao.com/item.htm?id=572581744478&ns=1&abbucket=10#detail,,红红红,孔西亚44,39.90,4人收货,江苏 南通,好评率：100.00%,"100.00%,100.00%,100.00%,",淘宝c店,2心
外贸出口日本原单 双面超软羚羊绒 绗缝空调被 春秋被150*200厘米,https://item.taobao.com/item.htm?id=39241336726&ns=1&abbucket=10#detail,"金牌卖家,15天退换,公益宝贝,",红红红,叶上芭蕾,99.00,4人收货,山东 潍坊,好评率：99.80%,"40.20%,54.66%,57.49%,",淘宝c店,5冠
ESH 澳洲原装进口Tontine羊毛被被芯纯羊绒被子200X230cm 包邮,https://item.taobao.com/item.htm?id=560363619861&ns=1&abbucket=10#detail,,红红红,enjoyseason_ll,1280.00,4人收货,广东 佛山,好评率：100.00%,"93.07%,100.00%,100.00%,",企业店铺,4心
富安娜正品羊毛被100%澳洲纯羊毛冬被双人全棉被芯7斤8斤子加厚,https://item.taobao.com/item.htm?id=549210094336&ns=1&abbucket=10#detail,"icon-service-jiyoujia,金牌卖家,15天退换,公益宝贝,",红红红,砂里淘金789,698.00,4人收货,广东 惠州,好评率：99.87%,"40.23%,56.21%,55.22%,",淘宝c店,2冠
正品100%纯羊毛被春秋冬被芯加厚保暖羊毛被子单人双人子母,https://item.taobao.com/item.htm?id=557158730059&ns=1&abbucket=10#detail,"金牌卖家,15天退换,",红红黄,诗曼家纺专柜,68.00,4人收货,上海,好评率：98.50%,"1.80%,24.13%,0.00%,",淘宝c店,5钻
恒源祥家纺 羊毛柔丝子母被春秋被二合一被子冬季被芯床上用品,https://detail.tmall.com/item.htm?id=40405706187&ns=1&abbucket=10,"天猫,",黄红红,恒源祥家纺官方旗舰店,499.00,4人收货,上海,,"0.00%,12.49%,13.70%,",天猫店,
雅路羊毛被被子加厚保暖冬被被芯秋冬季单人双人空调 超市同款,https://detail.tmall.com/item.htm?id=525484855738&ns=1&abbucket=10,"天猫,公益宝贝,",黄红红,雅路旗舰店,179.00,4人收货,广东 东莞,,"0.00%,10.66%,32.67%,",天猫店,
水星家纺婚庆馆加厚保暖被芯冬被子新二合一羊毛冬厚被子春秋,https://detail.tmall.com/item.htm?id=539702949611&ns=1&abbucket=10,"天猫,",蓝蓝红,水星家纺婚庆馆旗舰店,399.00,4人收货,上海,,"0.73%,0.66%,6.95%,",天猫店,
博洋家纺 床上用品被子春秋被保暖加厚棉被芯 学生宿舍冬,https://detail.tmall.com/item.htm?id=563048290594&ns=1&abbucket=10,"天猫,",黄红红,博洋家纺旗舰店,229.00,4人收货,浙江 宁波,,"0.00%,18.25%,25.06%,",天猫店,
恒源祥羊毛被澳毛被春秋被加厚保暖单双人冬天被子芯棉冬,https://detail.tmall.com/item.htm?id=533220954129&ns=1&abbucket=10,"天猫,",红红红,恒源祥金富丽专卖店,359.00,4人收货,,,"40.25%,51.60%,42.92%,",天猫店,
正品绵羊绒被子冬被加厚保暖定制100%纯羊毛被芯单双人全棉清仓,https://item.taobao.com/item.htm?id=577377607981&ns=1&abbucket=10#detail,"15天退换,公益宝贝,",红红红,忆方羊绒,390.00,4人收货,河北 邢台,好评率：100.00%,"100.00%,100.00%,100.00%,",淘宝c店,4心
植物羊绒冬被亲肤保暖羽丝绒冬被被子被芯,https://item.taobao.com/item.htm?id=576725061516&ns=1&abbucket=10#detail,,蓝红红,李芳芳45,78.00,4人收货,江苏 南通,好评率：100.00%,"0.91%,73.17%,72.16%,",淘宝c店,1钻
锦佩纯澳毛被加厚保暖被芯羊毛被子冬被200x230双人棉2米x2.3米,https://item.taobao.com/item.htm?id=563591138869&ns=1&abbucket=10#detail,"金牌卖家,",黄红黄,小伙计阿文,218.00,3人收货,上海,好评率：98.83%,"0.00%,9.37%,0.00%,",淘宝c店,1冠
低价清仓包邮羊绒被出口澳洲羊毛被保暖被芯单人双人羊绒春秋,https://item.taobao.com/item.htm?id=576948591111&ns=1&abbucket=10#detail,"金牌卖家,",红红红,sdtxwgl,299.00,3人收货,山东 潍坊,好评率：99.61%,"32.67%,44.81%,42.02%,",企业店铺,1冠
